benchmark,cpu_cycles,cycles_start,cycles_end,time_ns,time_ms,cooldown_ms,temp_before,temp_after,pkg_temp_before,pkg_temp_after,pkg_joules,pkg_mJ,dram_joules,dram_mJ,total_joules,total_mJ
crc32,57158401492,8544381073748,8601539475240,18480679123.000,18480.679123,0.090,37.00,38.00,39.00,44.00,277.422073,277422.073,,,277.422073,277422.073
crc32,57158599444,8601540648586,8658699248030,18480515794.000,18480.515794,0.026,38.00,39.00,44.00,45.00,278.209900,278209.900,,,278.209900,278209.900
crc32,57158612644,8658700271026,8715858883670,18480461022.000,18480.461022,0.031,39.00,39.00,45.00,45.00,278.835983,278835.983,,,278.835983,278835.983
crc32,57156189812,8715859728454,8773015918266,18479814192.000,18479.814192,0.028,39.00,39.00,45.00,45.00,279.022552,279022.552,,,279.022552,279022.552
crc32,57158367896,8773017227450,8830175595346,18480542156.000,18480.542156,0.042,39.00,39.00,45.00,45.00,279.446075,279446.075,,,279.446075,279446.075
crc32,57158583844,8830209099854,8887367683698,18480694007.000,18480.694007,10.340,40.00,40.00,44.00,46.00,279.282410,279282.410,,,279.282410,279282.410
crc32,57158462396,8887401057054,8944559519450,18480498779.000,18480.498779,10.364,39.00,40.00,43.00,45.00,279.434250,279434.250,,,279.434250,279434.250
crc32,57158563320,8944560957950,9001719521270,18480467234.000,18480.467234,0.138,39.00,39.00,45.00,46.00,279.611343,279611.343,,,279.611343,279611.343
crc32,57154599288,9001752715994,9058907315282,18479548944.000,18479.548944,10.245,39.00,40.00,44.00,45.00,279.693115,279693.115,,,279.693115,279693.115
crc32,57158640220,9058908632266,9116067272486,18480347273.000,18480.347273,0.042,40.00,40.00,45.00,46.00,280.025589,280025.589,,,280.025589,280025.589
crc32,57158325944,9116100022274,9173258348218,18480501305.000,18480.501305,10.283,40.00,40.00,44.00,45.00,279.896667,279896.667,,,279.896667,279896.667
crc32,57158147656,9173258990242,9230417137898,18480462528.000,18480.462528,0.021,40.00,40.00,45.00,46.00,279.985931,279985.931,,,279.985931,279985.931
crc32,57158966904,9230450485992,9287609452896,18480709255.000,18480.709255,10.363,40.00,40.00,44.00,46.00,280.018265,280018.265,,,280.018265,280018.265
crc32,57158391628,9287642448458,9344800840086,18480576390.000,18480.576390,10.282,40.00,40.00,44.00,45.00,279.833664,279833.664,,,279.833664,279833.664
crc32,57158639512,9344802412726,9401961052238,18480430006.000,18480.430006,0.092,40.00,40.00,45.00,46.00,280.430145,280430.145,,,280.430145,280430.145
crc32,57157972724,9401993925360,9459151898084,18480612252.000,18480.612252,10.238,40.00,40.00,44.00,45.00,280.170456,280170.456,,,280.170456,280170.456
crc32,57158218236,9459153240494,9516311458730,18480391033.000,18480.391033,0.034,40.00,40.00,45.00,46.00,280.227005,280227.005,,,280.227005,280227.005
crc32,57158280596,9516344749090,9573503029686,18480421749.000,18480.421749,10.343,40.00,40.00,44.00,46.00,280.022964,280022.964,,,280.022964,280022.964
crc32,57158289104,9573536135046,9630694424150,18480599399.000,18480.599399,10.292,41.00,40.00,45.00,46.00,279.914093,279914.093,,,279.914093,279914.093
crc32,57158406892,9630727656632,9687886063524,18480688971.000,18480.688971,10.237,40.00,40.00,44.00,47.00,280.280487,280280.487,,,280.280487,280280.487
crc32,57158698264,9687950064968,9745108763232,18480614441.000,18480.614441,20.393,40.00,41.00,44.00,47.00,280.314102,280314.102,,,280.314102,280314.102
crc32,57157434652,9745141620646,9802299055298,18480312839.000,18480.312839,10.188,40.00,40.00,45.00,46.00,280.395203,280395.203,,,280.395203,280395.203
crc32,57158297732,9802332574934,9859490872666,18480615956.000,18480.615956,10.342,40.00,41.00,45.00,46.00,280.340317,280340.317,,,280.340317,280340.317
crc32,57158670528,9859524313840,9916682984368,18480510899.000,18480.510899,10.339,40.00,40.00,45.00,46.00,280.294861,280294.861,,,280.294861,280294.861
crc32,57158384820,9916715828438,9973874213258,18480473835.000,18480.473835,10.283,41.00,40.00,44.00,46.00,280.238586,280238.586,,,280.238586,280238.586
crc32,57158511712,9973907226286,10031065737998,18480630288.000,18480.630288,10.280,41.00,40.00,45.00,46.00,280.285263,280285.263,,,280.285263,280285.263
crc32,57158104896,10031098959930,10088257064826,18480638607.000,18480.638607,10.242,40.00,40.00,44.00,47.00,280.480377,280480.377,,,280.480377,280480.377
crc32,57153670904,10088289628084,10145443298988,18478908709.000,18478.908709,10.194,41.00,40.00,44.00,46.00,280.536789,280536.789,,,280.536789,280536.789
crc32,57158394156,10145476545066,10202634939222,18480642036.000,18480.642036,10.255,40.00,40.00,45.00,46.00,280.526138,280526.138,,,280.526138,280526.138
crc32,57158207240,10202667368686,10259825575926,18480487210.000,18480.487210,10.191,41.00,40.00,45.00,46.00,280.401840,280401.840,,,280.401840,280401.840
crc32,57158094652,10259858792776,10317016887428,18480409874.000,18480.409874,10.333,40.00,41.00,45.00,46.00,280.352203,280352.203,,,280.352203,280352.203
crc32,57158568080,10317050320570,10374208888650,18480679636.000,18480.679636,10.385,40.00,40.00,44.00,46.00,280.190369,280190.369,,,280.190369,280190.369
crc32,57158614012,10374242411223,10431401025235,18480651589.000,18480.651589,10.408,41.00,40.00,44.00,46.00,280.208420,280208.420,,,280.208420,280208.420
crc32,57158224884,10431434333585,10488592558469,18480356958.000,18480.356958,10.346,40.00,40.00,44.00,46.00,280.237656,280237.656,,,280.237656,280237.656
crc32,57158371664,10488625928298,10545784299962,18480452310.000,18480.452310,10.428,40.00,41.00,44.00,46.00,280.406662,280406.662,,,280.406662,280406.662
crc32,57158094296,10545817514362,10602975608658,18480520913.000,18480.520913,10.328,40.00,40.00,45.00,46.00,280.425644,280425.644,,,280.425644,280425.644
crc32,57158270976,10603008829346,10660167100322,18480714373.000,18480.714373,10.246,41.00,40.00,44.00,46.00,280.395050,280395.050,,,280.395050,280395.050
crc32,57158552936,10660200302124,10717358855060,18480716891.000,18480.716891,10.193,40.00,40.00,45.00,46.00,280.195129,280195.129,,,280.195129,280195.129
crc32,57158640036,10717391414550,10774550054586,18480616339.000,18480.616339,10.195,40.00,41.00,44.00,46.00,280.158524,280158.524,,,280.158524,280158.524
crc32,57157810432,10774582821894,10831740632326,18480147239.000,18480.147239,10.206,40.00,41.00,44.00,47.00,280.140671,280140.671,,,280.140671,280140.671
crc32,57158377436,10831773558746,10888931936182,18480602886.000,18480.602886,10.286,40.00,40.00,45.00,46.00,280.150848,280150.848,,,280.150848,280150.848
crc32,57158472472,10888964916818,10946123389290,18480711879.000,18480.711879,10.192,40.00,41.00,44.00,46.00,280.316711,280316.711,,,280.316711,280316.711
crc32,57158326544,10946156015282,11003314341826,18480486263.000,18480.486263,10.195,41.00,41.00,44.00,46.00,280.424591,280424.591,,,280.424591,280424.591
crc32,57158568104,11003347339910,11060505908014,18480416164.000,18480.416164,10.281,40.00,41.00,45.00,46.00,280.335831,280335.831,,,280.335831,280335.831
crc32,57158343616,11060538720042,11117697063658,18480461973.000,18480.461973,10.280,41.00,40.00,44.00,46.00,280.095978,280095.978,,,280.095978,280095.978
crc32,57157213772,11117730059197,11174887272969,18480349408.000,18480.349408,10.285,41.00,41.00,45.00,46.00,279.981842,279981.842,,,279.981842,279981.842
crc32,57158132620,11174920152473,11232078285093,18480510146.000,18480.510146,10.222,41.00,41.00,44.00,47.00,280.631424,280631.424,,,280.631424,280631.424
crc32,57158214640,11232111819650,11289270034290,18480468502.000,18480.468502,10.340,40.00,41.00,44.00,46.00,280.306854,280306.854,,,280.306854,280306.854
crc32,57158576980,11289303563218,11346462140198,18480676408.000,18480.676408,10.407,40.00,40.00,45.00,46.00,280.428635,280428.635,,,280.428635,280428.635
crc32,57158724904,11346495890402,11403654615306,18480597543.000,18480.597543,10.470,40.00,40.00,44.00,46.00,280.316986,280316.986,,,280.316986,280316.986
cubic,52848206684,11403687208742,11456535415426,17086976102.000,17086.976102,10.269,40.00,40.00,44.00,47.00,279.753510,279753.510,,,279.753510,279753.510
cubic,52847404188,11456568233746,11509415637934,17086660333.000,17086.660333,10.242,40.00,40.00,45.00,46.00,279.494797,279494.797,,,279.494797,279494.797
cubic,52847864784,11509448452714,11562296317498,17086914642.000,17086.914642,10.284,40.00,41.00,45.00,47.00,279.737045,279737.045,,,279.737045,279737.045
cubic,52848653808,11562329144000,11615177797808,17086979791.000,17086.979791,10.195,40.00,41.00,45.00,47.00,279.866302,279866.302,,,279.866302,279866.302
cubic,52848257572,11615210895644,11668059153216,17087193523.000,17087.193523,10.287,41.00,41.00,45.00,46.00,279.947922,279947.922,,,279.947922,279947.922
cubic,52847815992,11668092586434,11720940402426,17086875036.000,17086.875036,10.390,41.00,41.00,45.00,47.00,279.898193,279898.193,,,279.898193,279898.193
cubic,52848500628,11720973124080,11773821624708,17086972410.000,17086.972410,10.202,41.00,41.00,45.00,46.00,279.666245,279666.245,,,279.666245,279666.245
cubic,52849655160,11773854787294,11826704442454,17087620526.000,17087.620526,10.250,41.00,42.00,44.00,47.00,279.699295,279699.295,,,279.699295,279699.295
cubic,52847805172,11826737075022,11879584880194,17086809546.000,17086.809546,10.194,41.00,41.00,45.00,47.00,279.671799,279671.799,,,279.671799,279671.799
cubic,52849339340,11879649922046,11932499261386,17087549075.000,17087.549075,20.453,41.00,41.00,44.00,47.00,279.769958,279769.958,,,279.769958,279769.958
cubic,52847638520,11932531877986,11985379516506,17086749503.000,17086.749503,10.193,41.00,42.00,45.00,47.00,279.682678,279682.678,,,279.682678,279682.678
cubic,52847933648,11985412082698,12038260016346,17086865878.000,17086.865878,10.199,42.00,42.00,45.00,47.00,279.821259,279821.259,,,279.821259,279821.259
cubic,52849553444,12038324770276,12091174323720,17087454666.000,17087.454666,20.503,42.00,41.00,45.00,47.00,279.780060,279780.060,,,279.780060,279780.060
cubic,52847107736,12091206895712,12144054003448,17086600646.000,17086.600646,10.190,41.00,41.00,45.00,47.00,279.889084,279889.084,,,279.889084,279889.084
cubic,52847540604,12144086835654,12196934376258,17086800832.000,17086.800832,10.245,41.00,41.00,45.00,47.00,279.871735,279871.735,,,279.871735,279871.735
cubic,52844264256,12196967135737,12249811399993,17085680847.000,17085.680847,10.193,41.00,40.00,45.00,47.00,280.494644,280494.644,,,280.494644,280494.644
cubic,52848000640,12249844209498,12302692210138,17086932099.000,17086.932099,10.243,41.00,41.00,45.00,47.00,279.725571,279725.571,,,279.725571,279725.571
cubic,52847775048,12302724968628,12355572743676,17086816670.000,17086.816670,10.204,40.00,41.00,45.00,47.00,280.063324,280063.324,,,280.063324,280063.324
cubic,52849073868,12355637843305,12408486917173,17087497717.000,17087.497717,20.455,40.00,42.00,45.00,47.00,279.891602,279891.602,,,279.891602,279891.602
cubic,52847428608,12408519668390,12461367096998,17086728502.000,17086.728502,10.210,41.00,41.00,45.00,48.00,279.775040,279775.040,,,279.775040,279775.040
cubic,52849010056,12461432241408,12514281251464,17087514530.000,17087.514530,20.415,41.00,41.00,45.00,47.00,279.963120,279963.120,,,279.963120,279963.120
cubic,52847489708,12514314179570,12567161669278,17086746101.000,17086.746101,10.260,41.00,41.00,45.00,47.00,279.993317,279993.317,,,279.993317,279993.317
cubic,52847065756,12567226264150,12620073329906,17086616850.000,17086.616850,20.489,41.00,41.00,45.00,47.00,279.951630,279951.630,,,279.951630,279951.630
cubic,52848136040,12620105993196,12672954129236,17086886490.000,17086.886490,10.193,40.00,42.00,45.00,47.00,280.020416,280020.416,,,280.020416,280020.416
cubic,52848981412,12673019452906,12725868434318,17087358280.000,17087.358280,20.586,41.00,41.00,45.00,48.00,280.049606,280049.606,,,280.049606,280049.606
cubic,52847803016,12725932756206,12778780559222,17086747501.000,17086.747501,20.426,40.00,41.00,45.00,47.00,280.111267,280111.267,,,280.111267,280111.267
cubic,52849490380,12778845060666,12831694551046,17087329779.000,17087.329779,20.547,41.00,42.00,45.00,48.00,280.331818,280331.818,,,280.331818,280331.818
cubic,52849043180,12831759576080,12884608619260,17087385076.000,17087.385076,20.589,42.00,41.00,45.00,47.00,280.087616,280087.616,,,280.087616,280087.616
cubic,52844617276,12884641949470,12937486566746,17085829505.000,17085.829505,10.290,40.00,41.00,45.00,47.00,280.632568,280632.568,,,280.632568,280632.568
cubic,52845572276,12937551302882,12990396875158,17086126747.000,17086.126747,20.659,42.00,41.00,45.00,48.00,280.821274,280821.274,,,280.821274,280821.274
cubic,52849573232,12990461562850,13043311136082,17087484196.000,17087.484196,20.511,40.00,41.00,45.00,47.00,279.885849,279885.849,,,279.885849,279885.849
cubic,52848073280,13043344156342,13096192229622,17086889594.000,17086.889594,10.201,41.00,41.00,45.00,46.00,280.432510,280432.510,,,280.432510,280432.510
cubic,52848417772,13096225345870,13149073763642,17087139794.000,17087.139794,10.351,41.00,41.00,45.00,47.00,280.153397,280153.397,,,280.153397,280153.397
cubic,52847554544,13149106597446,13201954151990,17086802895.000,17086.802895,10.289,41.00,41.00,45.00,47.00,280.206696,280206.696,,,280.206696,280206.696
cubic,52848963200,13201987265058,13254836228258,17087043504.000,17087.043504,10.301,41.00,42.00,45.00,47.00,279.871429,279871.429,,,279.871429,279871.429
cubic,52848222032,13254900627174,13307748849206,17087044108.000,17087.044108,20.550,41.00,41.00,45.00,48.00,279.967819,279967.819,,,279.967819,279967.819
cubic,52847946136,13307813162918,13360661109054,17086847323.000,17086.847323,20.440,42.00,41.00,45.00,47.00,279.923279,279923.279,,,279.923279,279923.279
cubic,52849791416,13360726141320,13413575932736,17087547580.000,17087.547580,20.525,41.00,40.00,45.00,47.00,279.916626,279916.626,,,279.916626,279916.626
cubic,52849107028,13413609170186,13466458277214,17087521485.000,17087.521485,10.233,41.00,41.00,45.00,47.00,279.869659,279869.659,,,279.869659,279869.659
cubic,52849330136,13466523367688,13519372697824,17087570492.000,17087.570492,20.471,42.00,41.00,45.00,48.00,280.063416,280063.416,,,280.063416,280063.416
cubic,52845520076,13519437754314,13572283274390,17086258095.000,17086.258095,20.421,41.00,41.00,45.00,48.00,280.431015,280431.015,,,280.431015,280431.015
cubic,52848155316,13572347697555,13625195852871,17086875770.000,17086.875770,20.504,41.00,41.00,45.00,47.00,279.928650,279928.650,,,279.928650,279928.650
cubic,52849163064,13625261048206,13678110211270,17087450827.000,17087.450827,20.538,41.00,41.00,45.00,48.00,280.024063,280024.063,,,280.024063,280024.063
cubic,52849274796,13678175081518,13731024356314,17087521883.000,17087.521883,20.447,40.00,42.00,45.00,47.00,280.040771,280040.771,,,280.040771,280040.771
cubic,52847121056,13731056937168,13783904058224,17086633189.000,17086.633189,10.194,41.00,41.00,45.00,47.00,280.019058,280019.058,,,280.019058,280019.058
cubic,52849136724,13783937025432,13836786162156,17087093645.000,17087.093645,10.276,41.00,41.00,45.00,47.00,280.021652,280021.652,,,280.021652,280021.652
cubic,52848005540,13836819037276,13889667042816,17087107933.000,17087.107933,10.284,41.00,41.00,45.00,47.00,279.958694,279958.694,,,279.958694,279958.694
cubic,52844775864,13889700482390,13942545258254,17085887176.000,17085.887176,10.368,41.00,41.00,45.00,47.00,280.077988,280077.988,,,280.077988,280077.988
cubic,52847851448,13942577998418,13995425849866,17086830401.000,17086.830401,10.208,41.00,40.00,45.00,47.00,280.078156,280078.156,,,280.078156,280078.156
cubic,52845449448,13995490794180,14048336243628,17086263959.000,17086.263959,20.452,40.00,41.00,45.00,47.00,280.667404,280667.404,,,280.667404,280667.404
dijkstra,58501869064,14048400628482,14106902497546,18914871061.000,18914.871061,20.448,41.00,41.00,45.00,50.00,337.681122,337681.122,,,337.681122,337681.122
dijkstra,58749489272,14107062660890,14165812150162,18994950056.000,18994.950056,51.239,41.00,41.00,44.00,50.00,339.182205,339182.205,,,339.182205,339182.205
dijkstra,58733745124,14165939399386,14224673144510,18989815842.000,18989.815842,40.954,41.00,42.00,45.00,49.00,338.937637,338937.637,,,338.937637,338937.637
dijkstra,58489175780,14224769731438,14283258907218,18910913475.000,18910.913475,30.744,41.00,42.00,45.00,50.00,337.801178,337801.178,,,337.801178,337801.178
dijkstra,58525269288,14283418838810,14341944108098,18922446958.000,18922.446958,51.333,41.00,41.00,45.00,51.00,338.107422,338107.422,,,338.107422,338107.422
dijkstra,58273028756,14342103876502,14400376905258,18841003848.000,18841.003848,51.228,41.00,42.00,44.00,49.00,336.710480,336710.480,,,336.710480,336710.480
dijkstra,58640030788,14400505503414,14459145534202,18959563748.000,18959.563748,41.012,41.00,41.00,45.00,50.00,338.758377,338758.377,,,338.758377,338758.377
dijkstra,58339289584,14459274188566,14517613478150,18862517378.000,18862.517378,41.122,42.00,43.00,45.00,50.00,337.046387,337046.387,,,337.046387,337046.387
dijkstra,58326041600,14517772625645,14576098667245,18857940117.000,18857.940117,51.123,42.00,42.00,45.00,50.00,337.059143,337059.143,,,337.059143,337059.143
dijkstra,58346974244,14576226514917,14634573489161,18864832992.000,18864.832992,41.041,42.00,42.00,45.00,50.00,337.310638,337310.638,,,337.310638,337310.638
dijkstra,58212886616,14634733673594,14692946560210,18821568958.000,18821.568958,51.285,42.00,42.00,45.00,50.00,336.775833,336775.833,,,336.775833,336775.833
dijkstra,58254475948,14693074937426,14751329413374,18835052305.000,18835.052305,41.018,42.00,41.00,45.00,50.00,336.752243,336752.243,,,336.752243,336752.243
dijkstra,58293266084,14751489016946,14809782283030,18847438579.000,18847.438579,51.183,41.00,41.00,45.00,51.00,337.242767,337242.767,,,337.242767,337242.767
dijkstra,58567046248,14809942670138,14868509716386,18936017332.000,18936.017332,51.404,42.00,42.00,45.00,49.00,338.296829,338296.829,,,338.296829,338296.829
dijkstra,58524462652,14868637942318,14927162404970,18922025365.000,18922.025365,41.110,41.00,42.00,45.00,50.00,337.880844,337880.844,,,337.880844,337880.844
dijkstra,58538879344,14927322862658,14985861742002,18927139890.000,18927.139890,51.432,42.00,42.00,44.00,50.00,338.616669,338616.669,,,338.616669,338616.669
dijkstra,58941822828,14986021710876,15044963533704,19057076582.000,19057.076582,51.297,42.00,42.00,45.00,51.00,340.364365,340364.365,,,340.364365,340364.365
dijkstra,58401079940,15045091337102,15103492417042,18882115067.000,18882.115067,41.020,42.00,41.00,45.00,50.00,337.442017,337442.017,,,337.442017,337442.017
dijkstra,58519469428,15103620027686,15162139497114,18920664616.000,18920.664616,40.991,42.00,42.00,45.00,49.00,337.946106,337946.106,,,337.946106,337946.106
dijkstra,58648107436,15162236340289,15220884447725,18962289096.000,18962.289096,30.771,42.00,41.00,45.00,50.00,338.734116,338734.116,,,338.734116,338734.116
dijkstra,58632229916,15221045028696,15279677258612,18957209250.000,18957.209250,51.338,42.00,42.00,45.00,50.00,338.735214,338735.214,,,338.735214,338735.214
dijkstra,58373792072,15279804817590,15338178609662,18873494862.000,18873.494862,40.915,42.00,41.00,45.00,50.00,337.190765,337190.765,,,337.190765,337190.765
dijkstra,58182267244,15338306871198,15396489138442,18811597569.000,18811.597569,41.086,42.00,41.00,45.00,49.00,336.291565,336291.565,,,336.291565,336291.565
dijkstra,58468226520,15396617631644,15455085858164,18904115444.000,18904.115444,41.020,42.00,41.00,45.00,49.00,337.599030,337599.030,,,337.599030,337599.030
dijkstra,58137457156,15455214177456,15513351634612,18797288096.000,18797.288096,40.905,42.00,41.00,45.00,51.00,335.956924,335956.924,,,335.956924,335956.924
dijkstra,58333352928,15513511011850,15571844364778,18860288912.000,18860.288912,51.164,42.00,41.00,45.00,50.00,337.227203,337227.203,,,337.227203,337227.203
dijkstra,58486190136,15571972410881,15630458601017,18909886378.000,18909.886378,40.947,41.00,41.00,45.00,51.00,338.357635,338357.635,,,338.357635,338357.635
dijkstra,58930196720,15630618873254,15689549069974,19053410746.000,19053.410746,51.394,41.00,42.00,45.00,50.00,340.001923,340001.923,,,340.001923,340001.923
dijkstra,58392356144,15689676627818,15748068983962,18879353621.000,18879.353621,41.002,41.00,41.00,45.00,50.00,337.365479,337365.479,,,337.365479,337365.479
dijkstra,58334252368,15748228809324,15806563061692,18860705780.000,18860.705780,51.290,41.00,42.00,45.00,50.00,337.006882,337006.882,,,337.006882,337006.882
dijkstra,58460582012,15806690333158,15865150915170,18901542368.000,18901.542368,40.883,41.00,42.00,45.00,51.00,337.756409,337756.409,,,337.756409,337756.409
dijkstra,58551814104,15865279190234,15923831004338,18930965131.000,18930.965131,41.085,42.00,41.00,45.00,50.00,338.294800,338294.800,,,338.294800,338294.800
dijkstra,58302409400,15923958565570,15982260974970,18850231967.000,18850.231967,40.943,42.00,41.00,45.00,49.00,336.635498,336635.498,,,336.635498,336635.498
dijkstra,58573310940,15982356867986,16040930178926,18937989310.000,18937.989310,30.794,42.00,42.00,45.00,49.00,337.977737,337977.737,,,337.977737,337977.737
dijkstra,58302149384,16041058194162,16099360343546,18850153349.000,18850.153349,41.011,41.00,41.00,45.00,50.00,336.626312,336626.312,,,336.626312,336626.312
dijkstra,58809921176,16099487712214,16158297633390,19014359109.000,19014.359109,40.994,42.00,42.00,45.00,50.00,339.101212,339101.212,,,339.101212,339101.212
dijkstra,58343093368,16158425530218,16216768623586,18863567787.000,18863.567787,40.964,42.00,42.00,45.00,49.00,336.963135,336963.135,,,336.963135,336963.135
dijkstra,58685431524,16216896264746,16275581696270,18974057332.000,18974.057332,41.021,42.00,42.00,45.00,50.00,338.551331,338551.331,,,338.551331,338551.331
dijkstra,58538096132,16275709126938,16334247223070,18926580386.000,18926.580386,41.005,41.00,42.00,45.00,50.00,338.105469,338105.469,,,338.105469,338105.469
dijkstra,58332222836,16334406865574,16392739088410,18860041117.000,18860.041117,51.234,42.00,42.00,45.00,50.00,337.065964,337065.964,,,337.065964,337065.964
dijkstra,58356087436,16392899211142,16451255298578,18867882624.000,18867.882624,51.183,42.00,43.00,45.00,49.00,336.863800,336863.800,,,336.863800,336863.800
dijkstra,58268369516,16451382966876,16509651336392,18839416065.000,18839.416065,41.016,42.00,43.00,45.00,49.00,336.516022,336516.022,,,336.516022,336516.022
dijkstra,58374307012,16509779954334,16568154261346,18873623443.000,18873.623443,41.029,41.00,42.00,44.00,49.00,337.199554,337199.554,,,337.199554,337199.554
dijkstra,58360809784,16568282498306,16626643308090,18869483630.000,18869.483630,41.070,42.00,42.00,45.00,51.00,336.967224,336967.224,,,336.967224,336967.224
dijkstra,58514302304,16626802891865,16685317194169,18918897689.000,18918.897689,51.194,43.00,43.00,45.00,51.00,338.170334,338170.334,,,338.170334,338170.334
dijkstra,58549725308,16685476361221,16744026086529,18930192479.000,18930.192479,51.099,43.00,42.00,45.00,50.00,338.066483,338066.483,,,338.066483,338066.483
dijkstra,58768419756,16744154238406,16802922658162,19001336908.000,19001.336908,41.004,42.00,42.00,45.00,50.00,339.546707,339546.707,,,339.546707,339546.707
dijkstra,58526663392,16803051086024,16861577749416,18922810229.000,18922.810229,41.031,43.00,41.00,45.00,50.00,338.021912,338021.912,,,338.021912,338021.912
dijkstra,58351152444,16861705954862,16920057107306,18866452695.000,18866.452695,40.999,42.00,42.00,45.00,49.00,337.139740,337139.740,,,337.139740,337139.740
dijkstra,58417918940,16920185202398,16978603121338,18887839123.000,18887.839123,40.937,42.00,42.00,45.00,50.00,337.412094,337412.094,,,337.412094,337412.094
fdct,47513271064,16978763030442,17026276301506,15362088718.000,15362.088718,51.233,42.00,41.00,45.00,50.00,270.444611,270444.611,,,270.444611,270444.611
fdct,47515035760,17026404007601,17073919043361,15362721764.000,15362.721764,40.988,41.00,42.00,45.00,48.00,270.213287,270213.287,,,270.213287,270213.287
fdct,47511011820,17074016247858,17121527259678,15361538805.000,15361.538805,30.785,42.00,41.00,45.00,50.00,270.048935,270048.935,,,270.048935,270048.935
fdct,47508490880,17121654968698,17169163459578,15360587393.000,15360.587393,41.010,41.00,42.00,45.00,49.00,269.964691,269964.691,,,269.964691,269964.691
fdct,47524307928,17169291740550,17216816048478,15365711990.000,15365.711990,40.972,42.00,42.00,45.00,48.00,270.121521,270121.521,,,270.121521,270121.521
fdct,47513897476,17216912222250,17264426119726,15362337750.000,15362.337750,30.794,41.00,42.00,45.00,49.00,269.899429,269899.429,,,269.899429,269899.429
fdct,47517640796,17264523187490,17312040828286,15363676773.000,15363.676773,30.792,43.00,42.00,45.00,50.00,270.005234,270005.234,,,270.005234,270005.234
fdct,47499966172,17312168710794,17359668676966,15357838404.000,15357.838404,40.981,42.00,42.00,45.00,49.00,270.268112,270268.112,,,270.268112,270268.112
fdct,47522477356,17359765539907,17407288017263,15365320782.000,15365.320782,30.730,42.00,41.00,45.00,49.00,270.291351,270291.351,,,270.291351,270291.351
fdct,47517998200,17407384980062,17454902978262,15363878727.000,15363.878727,30.768,41.00,42.00,45.00,49.00,269.988739,269988.739,,,269.988739,269988.739
fdct,47510469044,17455031743470,17502542212514,15361287115.000,15361.287115,41.068,42.00,42.00,44.00,49.00,269.838303,269838.303,,,269.838303,269838.303
fdct,47513784104,17502638967346,17550152751450,15362314850.000,15362.314850,30.807,42.00,42.00,45.00,49.00,270.388763,270388.763,,,270.388763,270388.763
fdct,47527223680,17550248965386,17597776189066,15366725019.000,15366.725019,30.756,42.00,42.00,45.00,49.00,270.198395,270198.395,,,270.198395,270198.395
fdct,47525887740,17597904997674,17645430885414,15366322736.000,15366.322736,41.078,42.00,42.00,45.00,49.00,270.107697,270107.697,,,270.107697,270107.697
fdct,47507977664,17645527467730,17693035445394,15360395431.000,15360.395431,30.712,43.00,42.00,45.00,49.00,270.006393,270006.393,,,270.006393,270006.393
fdct,47626348460,17693162990604,17740789339064,15398680350.000,15398.680350,41.049,43.00,42.00,45.00,50.00,272.334259,272334.259,,,272.334259,272334.259
fdct,47526096476,17740917418174,17788443514650,15366308173.000,15366.308173,40.893,41.00,42.00,45.00,50.00,270.185074,270185.074,,,270.185074,270185.074
fdct,47515266784,17788571398236,17836086665020,15362758559.000,15362.758559,41.049,42.00,41.00,45.00,50.00,270.151169,270151.169,,,270.151169,270151.169
fdct,47519130268,17836214950487,17883734080755,15364055345.000,15364.055345,41.029,42.00,42.00,45.00,49.00,270.108765,270108.765,,,270.108765,270108.765
fdct,47515536440,17883862190570,17931377727010,15362916048.000,15362.916048,41.037,42.00,42.00,45.00,49.00,270.085907,270085.907,,,270.085907,270085.907
fdct,47523620216,17931474595166,17978998215382,15365447021.000,15365.447021,30.726,42.00,42.00,45.00,50.00,270.236176,270236.176,,,270.236176,270236.176
fdct,47517276612,17979125459568,18026642736180,15363454393.000,15363.454393,40.952,42.00,42.00,45.00,49.00,270.239655,270239.655,,,270.239655,270239.655
fdct,47518378436,18026740047338,18074258425774,15363770794.000,15363.770794,30.845,42.00,42.00,45.00,49.00,270.031265,270031.265,,,270.031265,270031.265
fdct,47500151784,18074354247910,18121854399694,15357895379.000,15357.895379,30.771,42.00,41.00,45.00,47.00,269.859177,269859.177,,,269.859177,269859.177
fdct,47511515204,18121919194896,18169430710100,15361689486.000,15361.689486,20.383,42.00,42.00,45.00,49.00,270.029266,270029.266,,,270.029266,270029.266
fdct,47529653956,18169527016778,18217056670734,15367403159.000,15367.403159,30.714,41.00,42.00,45.00,49.00,270.202820,270202.820,,,270.202820,270202.820
fdct,47526466868,18217153081686,18264679548554,15366284415.000,15366.284415,30.798,42.00,41.00,45.00,48.00,269.838181,269838.181,,,269.838181,269838.181
fdct,47507003232,18264775490526,18312282493758,15360012842.000,15360.012842,30.821,42.00,42.00,45.00,48.00,269.801895,269801.895,,,269.801895,269801.895
fdct,47526134024,18312378781482,18359904915506,15366373887.000,15366.373887,30.665,42.00,42.00,45.00,49.00,269.980453,269980.453,,,269.980453,269980.453
fdct,47519191668,18360001531938,18407520723606,15363861985.000,15363.861985,30.840,42.00,42.00,45.00,49.00,269.987640,269987.640,,,269.987640,269987.640
fdct,47533785284,18407616006618,18455149791902,15368631222.000,15368.631222,30.667,42.00,42.00,45.00,49.00,270.019424,270019.424,,,270.019424,270019.424
fdct,47513176624,18455246026330,18502759202954,15362123861.000,15362.123861,30.793,42.00,41.00,44.00,49.00,269.912842,269912.842,,,269.912842,269912.842
fdct,47515971568,18502855839633,18550371811201,15363060308.000,15363.060308,30.834,41.00,41.00,45.00,48.00,269.975479,269975.479,,,269.975479,269975.479
fdct,47520903460,18550468268004,18597989171464,15364503032.000,15364.503032,30.686,42.00,42.00,45.00,49.00,269.659302,269659.302,,,269.659302,269659.302
fdct,47507943960,18598085280130,18645593224090,15360231869.000,15360.231869,30.858,42.00,42.00,45.00,49.00,270.076782,270076.782,,,270.076782,270076.782
fdct,47510984084,18645689377008,18693200361092,15361297933.000,15361.297933,30.888,42.00,42.00,45.00,49.00,269.812256,269812.256,,,269.812256,269812.256
fdct,47518375964,18693297220894,18740815596858,15363878348.000,15363.878348,30.784,42.00,41.00,45.00,48.00,269.762375,269762.375,,,269.762375,269762.375
fdct,47512648544,18740880658890,18788393307434,15362092798.000,15362.092798,20.663,41.00,42.00,45.00,49.00,269.391464,269391.464,,,269.391464,269391.464
fdct,47516892796,18788458577074,18835975469870,15363556735.000,15363.556735,20.421,41.00,42.00,45.00,48.00,269.582367,269582.367,,,269.582367,269582.367
fdct,47538233500,18836040439190,18883578672690,15370434686.000,15370.434686,20.364,42.00,43.00,45.00,48.00,269.792511,269792.511,,,269.792511,269792.511
fdct,47513930940,18883643166532,18931157097472,15362349474.000,15362.349474,20.465,43.00,42.00,45.00,49.00,269.700592,269700.592,,,269.700592,269700.592
fdct,47515628860,18931254099796,18978769728656,15362931758.000,15362.931758,30.719,42.00,42.00,45.00,49.00,269.913376,269913.376,,,269.913376,269913.376
fdct,47511545872,18978897050798,19026408596670,15361569356.000,15361.569356,40.977,43.00,42.00,45.00,49.00,269.969131,269969.131,,,269.969131,269969.131
fdct,47512003064,19026537207166,19074049210230,15361753804.000,15361.753804,41.023,42.00,41.00,45.00,49.00,269.859894,269859.894,,,269.859894,269859.894
fdct,47517276856,19074145292864,19121662569720,15363540134.000,15363.540134,30.679,41.00,42.00,45.00,49.00,269.833099,269833.099,,,269.833099,269833.099
fdct,47517911524,19121758843666,19169276755190,15363598052.000,15363.598052,30.661,42.00,42.00,45.00,50.00,269.749435,269749.435,,,269.749435,269749.435
fdct,47520821744,19169404445054,19216925266798,15364375962.000,15364.375962,40.998,42.00,42.00,45.00,49.00,269.864761,269864.761,,,269.864761,269864.761
fdct,47520972188,19217020749558,19264541721746,15364607516.000,15364.607516,30.685,41.00,42.00,45.00,49.00,269.895508,269895.508,,,269.895508,269895.508
fdct,47519157764,19264638622870,19312157780634,15364229938.000,15364.229938,30.711,42.00,41.00,45.00,48.00,269.718918,269718.918,,,269.718918,269718.918
fdct,47529030348,19312254438298,19359783468646,15367355227.000,15367.355227,30.758,42.00,42.00,45.00,49.00,269.882614,269882.614,,,269.882614,269882.614
fir,41252781272,19359912069562,19401164850834,13338096629.000,13338.096629,41.088,42.00,42.00,45.00,49.00,230.771591,230771.591,,,230.771591,230771.591
fir,41263561276,19401261290200,19442524851476,13341413362.000,13341.413362,30.700,41.00,41.00,45.00,48.00,230.616257,230616.257,,,230.616257,230616.257
fir,41261208164,19442621025534,19483882233698,13340736136.000,13340.736136,30.876,42.00,42.00,45.00,49.00,230.671173,230671.173,,,230.671173,230671.173
fir,41259916532,19484010594097,19525270510629,13340237877.000,13340.237877,41.076,41.00,42.00,45.00,49.00,230.743973,230743.973,,,230.743973,230743.973
fir,41258103792,19525366849978,19566624953770,13339777608.000,13339.777608,30.835,41.00,42.00,44.00,48.00,230.476212,230476.212,,,230.476212,230476.212
fir,41260957840,19566689186230,19607950144070,13340621679.000,13340.621679,20.417,42.00,42.00,44.00,49.00,230.534439,230534.439,,,230.534439,230534.439
fir,41260948860,19608046541566,19649307490426,13340670044.000,13340.670044,30.676,41.00,42.00,45.00,47.00,230.460129,230460.129,,,230.460129,230460.129
fir,41251935188,19649372161508,19690624096696,13337857139.000,13337.857139,20.541,41.00,43.00,45.00,48.00,230.378433,230378.433,,,230.378433,230378.433
fir,41249767284,19690688954321,19731938721605,13336972873.000,13336.972873,20.550,42.00,41.00,45.00,48.00,230.532639,230532.639,,,230.532639,230532.639
fir,41249993560,19732003779370,19773253772930,13337276227.000,13337.276227,20.564,42.00,42.00,45.00,48.00,230.564056,230564.056,,,230.564056,230564.056
fir,41248703128,19773350435918,19814599139046,13336909651.000,13336.909651,30.672,41.00,41.00,45.00,47.00,230.436707,230436.707,,,230.436707,230436.707
fir,41249419888,19814664010950,19855913430838,13336918235.000,13336.918235,20.557,41.00,42.00,45.00,49.00,230.464462,230464.462,,,230.464462,230464.462
fir,41248189840,19856010635944,19897258825784,13336605789.000,13336.605789,30.924,41.00,41.00,45.00,48.00,230.540710,230540.710,,,230.540710,230540.710
fir,41249125084,19897355274442,19938604399526,13336874576.000,13336.874576,30.647,41.00,41.00,45.00,48.00,230.365372,230365.372,,,230.365372,230365.372
fir,41252978324,19938669467986,19979922446310,13338183780.000,13338.183780,20.656,41.00,41.00,45.00,48.00,230.477448,230477.448,,,230.477448,230477.448
fir,41257768132,19979987382808,20021245150940,13339677894.000,13339.677894,20.445,40.00,41.00,45.00,48.00,230.383530,230383.530,,,230.383530,230383.530
fir,41250753752,20021309449658,20062560203410,13337393709.000,13337.393709,20.455,41.00,41.00,45.00,49.00,230.555389,230555.389,,,230.555389,230555.389
fir,41259262712,20062656356030,20103915618742,13340188471.000,13340.188471,30.671,41.00,41.00,45.00,49.00,230.616257,230616.257,,,230.616257,230616.257
fir,41249864904,20104012612214,20145262477118,13337273998.000,13337.273998,30.768,41.00,41.00,44.00,48.00,230.511414,230511.414,,,230.511414,230511.414
fir,41253888656,20145327237800,20186581126456,13338557889.000,13338.557889,20.368,41.00,42.00,45.00,49.00,230.471817,230471.817,,,230.471817,230471.817
fir,41254175948,20186678331702,20227932507650,13338471090.000,13338.471090,30.839,42.00,41.00,45.00,49.00,230.745499,230745.499,,,230.745499,230745.499
fir,41253526024,20228028597938,20269282123962,13338091012.000,13338.091012,30.848,41.00,42.00,45.00,48.00,230.708527,230708.527,,,230.708527,230708.527
fir,41256203288,20269378103574,20310634306862,13339148632.000,13339.148632,30.752,42.00,41.00,45.00,49.00,230.590927,230590.927,,,230.590927,230590.927
fir,41258773740,20310730746712,20351989520452,13340024890.000,13340.024890,30.691,41.00,41.00,45.00,49.00,230.565536,230565.536,,,230.565536,230565.536
fir,41261821252,20352085908270,20393347729522,13341025542.000,13341.025542,30.667,41.00,41.00,45.00,48.00,230.593185,230593.185,,,230.593185,230593.185
fir,41249490524,20393444459038,20434693949562,13336949148.000,13336.949148,30.803,41.00,41.00,45.00,48.00,230.408310,230408.310,,,230.408310,230408.310
fir,41249799932,20434758516886,20476008316818,13337160997.000,13337.160997,20.551,41.00,41.00,45.00,48.00,230.377060,230377.060,,,230.377060,230377.060
fir,41258006288,20476105235010,20517363241298,13339827676.000,13339.827676,30.849,41.00,42.00,44.00,49.00,230.941010,230941.010,,,230.941010,230941.010
fir,41257951212,20517460420414,20558718371626,13339694752.000,13339.694752,30.815,41.00,41.00,45.00,49.00,230.861954,230861.954,,,230.861954,230861.954
fir,41260095052,20558814503606,20600074598658,13340202908.000,13340.202908,30.870,41.00,42.00,45.00,49.00,230.800705,230800.705,,,230.800705,230800.705
fir,41253715468,20600139120886,20641392836354,13338292361.000,13338.292361,20.546,41.00,41.00,45.00,49.00,230.865524,230865.524,,,230.865524,230865.524
fir,41255297880,20641520390720,20682775688600,13338819589.000,13338.819589,41.005,41.00,42.00,45.00,49.00,231.089813,231089.813,,,231.089813,231089.813
fir,41251732584,20682872534494,20724124267078,13337827019.000,13337.827019,30.745,41.00,41.00,45.00,48.00,230.809448,230809.448,,,230.809448,230809.448
fir,41252091380,20724221287740,20765473379120,13337784873.000,13337.784873,30.824,41.00,41.00,45.00,49.00,230.709808,230709.808,,,230.709808,230709.808
fir,41261556392,20765569597045,20806831153437,13340871437.000,13340.871437,30.892,41.00,41.00,45.00,49.00,230.681763,230681.763,,,230.681763,230681.763
fir,41260305284,20806927825402,20848188130686,13340405180.000,13340.405180,30.769,41.00,41.00,45.00,49.00,230.656021,230656.021,,,230.656021,230656.021
fir,41262176480,20848284334720,20889546511200,13341017552.000,13341.017552,30.844,41.00,41.00,45.00,49.00,230.712341,230712.341,,,230.712341,230712.341
fir,41250570628,20889643229493,20930893800121,13337229582.000,13337.229582,30.849,41.00,41.00,45.00,48.00,230.590836,230590.836,,,230.590836,230590.836
fir,41252507148,20930958667054,20972211174202,13338097487.000,13338.097487,20.563,41.00,41.00,45.00,48.00,230.328949,230328.949,,,230.328949,230328.949
fir,41250112928,20972308073674,21013558186602,13337392899.000,13337.392899,30.707,41.00,41.00,45.00,47.00,230.370056,230370.056,,,230.370056,230370.056
fir,41253220180,21013623358188,21054876578368,13338417540.000,13338.417540,20.416,41.00,41.00,45.00,48.00,230.389297,230389.297,,,230.389297,230389.297
fir,41251688608,21054973787610,21096225476218,13337681885.000,13337.681885,30.825,41.00,42.00,45.00,49.00,230.545059,230545.059,,,230.545059,230545.059
fir,41258550920,21096321532656,21137580083576,13339833299.000,13339.833299,30.869,41.00,41.00,45.00,48.00,230.584167,230584.167,,,230.584167,230584.167
fir,41248192528,21137676881890,21178925074418,13336530691.000,13336.530691,30.756,41.00,41.00,44.00,48.00,230.457092,230457.092,,,230.457092,230457.092
fir,41249055120,21179021100334,21220270155454,13336809667.000,13336.809667,30.847,41.00,41.00,45.00,48.00,230.447357,230447.357,,,230.447357,230447.357
fir,41254852852,21220335263288,21261590116140,13338794485.000,13338.794485,20.427,40.00,42.00,45.00,48.00,230.803940,230803.940,,,230.803940,230803.940
fir,41253395508,21261655231522,21302908627030,13338268018.000,13338.268018,20.631,41.00,41.00,45.00,48.00,230.820450,230820.450,,,230.820450,230820.450
fir,41250730848,21302973821017,21344224551865,13337451671.000,13337.451671,20.549,41.00,42.00,45.00,48.00,230.652863,230652.863,,,230.652863,230652.863
fir,41257536908,21344320943070,21385578479978,13339597673.000,13339.597673,30.847,41.00,41.00,45.00,49.00,230.875397,230875.397,,,230.875397,230875.397
fir,41253625896,21385675466818,21426929092714,13338473933.000,13338.473933,30.808,41.00,41.00,45.00,49.00,230.897568,230897.568,,,230.897568,230897.568
matmult-float,50321127364,21427057179430,21477378306794,16270046668.000,16270.046668,40.897,41.00,42.00,45.00,50.00,309.775070,309775.070,,,309.775070,309775.070
matmult-float,50280826620,21477506490806,21527787317426,16257084922.000,16257.084922,40.913,40.00,41.00,45.00,49.00,308.995514,308995.514,,,308.995514,308995.514
matmult-float,50765626088,21527883622014,21578649248102,16413621889.000,16413.621889,30.675,40.00,41.00,45.00,49.00,306.419006,306419.006,,,306.419006,306419.006
matmult-float,50342979856,21578745630378,21629088610234,16277042546.000,16277.042546,30.803,42.00,41.00,45.00,49.00,307.235001,307235.001,,,307.235001,307235.001
matmult-float,50345666536,21629216491202,21679562157738,16277903545.000,16277.903545,40.984,42.00,41.00,45.00,49.00,308.763138,308763.138,,,308.763138,308763.138
matmult-float,50316924200,21679659363792,21729976287992,16268856528.000,16268.856528,30.817,41.00,42.00,45.00,49.00,308.943069,308943.069,,,308.943069,308943.069
matmult-float,50332150504,21730105153814,21780437304318,16273504765.000,16273.504765,41.046,41.00,41.00,45.00,49.00,307.672974,307672.974,,,307.672974,307672.974
matmult-float,50306604088,21780533554914,21830840159002,16265081151.000,16265.081151,30.907,41.00,41.00,45.00,49.00,307.984283,307984.283,,,307.984283,307984.283
matmult-float,50311177880,21830936556472,21881247734352,16266748111.000,16266.748111,30.955,42.00,42.00,45.00,49.00,309.048706,309048.706,,,309.048706,309048.706
matmult-float,50282760616,21881344257174,21931627017790,16257572471.000,16257.572471,30.678,41.00,41.00,45.00,49.00,308.840179,308840.179,,,308.840179,308840.179
matmult-float,50294688228,21931755007270,21982049695498,16261405329.000,16261.405329,41.104,41.00,41.00,45.00,49.00,308.455505,308455.505,,,308.455505,308455.505
matmult-float,50293292636,21982178503802,22032471796438,16261081818.000,16261.081818,41.111,41.00,42.00,45.00,50.00,309.389954,309389.954,,,309.389954,309389.954
matmult-float,50258266320,22032600111070,22082858377390,16249616868.000,16249.616868,40.949,42.00,42.00,45.00,49.00,310.811462,310811.462,,,310.811462,310811.462
matmult-float,50315596952,22082986481010,22133302077962,16268219198.000,16268.219198,41.041,41.00,41.00,45.00,49.00,308.569061,308569.061,,,308.569061,308569.061
matmult-float,50322186608,22133398678316,22183720864924,16270341442.000,16270.341442,30.880,41.00,41.00,45.00,50.00,307.943848,307943.848,,,307.943848,307943.848
matmult-float,50369347252,22183848972518,22234218319770,16285525648.000,16285.525648,40.931,41.00,41.00,45.00,50.00,306.599991,306599.991,,,306.599991,306599.991
matmult-float,50328485056,22234347182866,22284675667922,16272362312.000,16272.362312,41.241,41.00,42.00,45.00,49.00,306.415451,306415.451,,,306.415451,306415.451
matmult-float,50268501944,22284803507254,22335072009198,16252931558.000,16252.931558,41.015,42.00,42.00,45.00,49.00,309.543304,309543.304,,,309.543304,309543.304
matmult-float,50367419256,22335200333744,22385567753000,16284903094.000,16284.903094,41.106,41.00,42.00,45.00,49.00,307.670853,307670.853,,,307.670853,307670.853
matmult-float,50315547120,22385695843098,22436011390218,16268083407.000,16268.083407,41.030,42.00,42.00,45.00,49.00,308.175812,308175.812,,,308.175812,308175.812
matmult-float,50387933688,22436107783954,22486495717642,16291641911.000,16291.641911,30.773,41.00,42.00,45.00,49.00,307.504852,307504.852,,,307.504852,307504.852
matmult-float,51045948852,22486624579418,22537670528270,16504412325.000,16504.412325,41.070,43.00,42.00,45.00,50.00,309.782883,309782.883,,,309.782883,309782.883
matmult-float,50348001736,22537798226141,22588146227877,16278661309.000,16278.661309,40.956,42.00,42.00,45.00,50.00,308.286697,308286.697,,,308.286697,308286.697
matmult-float,50356616184,22588274919816,22638631536000,16281407641.000,16281.407641,41.026,42.00,41.00,45.00,50.00,307.825760,307825.760,,,307.825760,307825.760
matmult-float,50299332692,22638758995294,22689058327986,16262847687.000,16262.847687,41.022,41.00,41.00,45.00,50.00,308.292465,308292.465,,,308.292465,308292.465
matmult-float,50321277576,22689217796078,22739539073654,16269846919.000,16269.846919,51.216,42.00,42.00,45.00,50.00,307.229706,307229.706,,,307.229706,307229.706
matmult-float,50340720316,22739666743892,22790007464208,16276079455.000,16276.079455,41.044,42.00,42.00,45.00,49.00,308.440933,308440.933,,,308.440933,308440.933
matmult-float,50319221244,22790103464392,22840422685636,16269142771.000,16269.142771,30.839,41.00,41.00,45.00,50.00,309.580170,309580.170,,,309.580170,309580.170
matmult-float,50347425860,22840550101982,22890897527842,16278453938.000,16278.453938,41.009,41.00,41.00,45.00,50.00,307.317978,307317.978,,,307.317978,307317.978
matmult-float,50275456728,22891026598180,22941302054908,16255184680.000,16255.184680,41.221,41.00,41.00,45.00,50.00,308.783966,308783.966,,,308.783966,308783.966
matmult-float,50324525528,22941429973508,22991754499036,16270893432.000,16270.893432,41.083,41.00,42.00,45.00,51.00,310.026932,310026.932,,,310.026932,310026.932
matmult-float,50299878452,22991915298549,23042215177001,16263387321.000,16263.387321,51.433,42.00,41.00,45.00,50.00,308.283661,308283.661,,,308.283661,308283.661
matmult-float,50394453148,23042343359410,23092737812558,16293686908.000,16293.686908,41.041,41.00,41.00,45.00,49.00,306.745285,306745.285,,,306.745285,306745.285
matmult-float,50372088404,23092866754626,23143238843030,16286403179.000,16286.403179,41.103,41.00,41.00,45.00,50.00,307.118179,307118.179,,,307.118179,307118.179
matmult-float,50357602260,23143366238386,23193723840646,16281727064.000,16281.727064,41.003,40.00,41.00,45.00,49.00,307.370483,307370.483,,,307.370483,307370.483
matmult-float,50303218832,23193852020738,23244155239570,16264139964.000,16264.139964,40.995,41.00,41.00,45.00,50.00,309.460648,309460.648,,,309.460648,309460.648
matmult-float,50374239660,23244251631002,23294625870662,16287139607.000,16287.139607,30.789,41.00,41.00,45.00,50.00,308.073898,308073.898,,,308.073898,308073.898
matmult-float,50336830492,23294753785498,23345090615990,16274982739.000,16274.982739,41.007,41.00,42.00,45.00,48.00,309.108505,309108.505,,,309.108505,309108.505
matmult-float,50263023196,23345187232761,23395450255957,16251181874.000,16251.181874,30.829,41.00,41.00,45.00,50.00,309.763321,309763.321,,,309.763321,309763.321
matmult-float,50322346896,23395578081169,23445900428065,16270154002.000,16270.154002,40.974,41.00,41.00,45.00,50.00,307.772980,307772.980,,,307.772980,307772.980
matmult-float,50315664312,23446027669910,23496343334222,16267978530.000,16267.978530,40.953,41.00,41.00,45.00,49.00,309.689697,309689.697,,,309.689697,309689.697
matmult-float,50360120940,23496470801654,23546830922594,16282468280.000,16282.468280,41.025,41.00,41.00,45.00,50.00,307.622635,307622.635,,,307.622635,307622.635
matmult-float,50325668648,23546990685226,23597316353874,16271287397.000,16271.287397,51.278,41.00,41.00,45.00,50.00,310.885757,310885.757,,,310.885757,310885.757
matmult-float,50320914912,23597443624074,23647764538986,16269820071.000,16269.820071,40.962,41.00,42.00,45.00,50.00,309.250916,309250.916,,,309.250916,309250.916
matmult-float,50362163120,23647892451592,23698254614712,16283090006.000,16283.090006,41.001,41.00,42.00,45.00,49.00,306.734894,306734.894,,,306.734894,306734.894
matmult-float,50340290152,23698382401022,23748722691174,16275940776.000,16275.940776,41.076,42.00,41.00,45.00,49.00,307.863159,307863.159,,,307.863159,307863.159
matmult-float,50313219884,23748850211718,23799163431602,16267351625.000,16267.351625,41.043,41.00,41.00,45.00,50.00,309.800751,309800.751,,,309.800751,309800.751
matmult-float,50364367084,23799291367331,23849655734415,16283996703.000,16283.996703,40.902,41.00,41.00,45.00,50.00,309.974106,309974.106,,,309.974106,309974.106
matmult-float,50267799468,23849784805276,23900052604744,16252772604.000,16252.772604,41.210,41.00,41.00,45.00,50.00,309.675476,309675.476,,,309.675476,309675.476
matmult-float,50331191716,23900180853042,23950512044758,16273285595.000,16273.285595,41.092,41.00,41.00,45.00,50.00,308.877808,308877.808,,,308.877808,308877.808
matmult-int,50786459188,23950640625670,24001427084858,16420301411.000,16420.301411,41.068,41.00,41.00,45.00,49.00,296.321747,296321.747,,,296.321747,296321.747
matmult-int,49044483772,24001523217422,24050567701194,15857009068.000,15857.009068,30.861,41.00,41.00,45.00,49.00,287.122757,287122.757,,,287.122757,287122.757
matmult-int,49076414336,24050664099763,24099740514099,15867329855.000,15867.329855,30.959,41.00,41.00,45.00,50.00,287.269852,287269.852,,,287.269852,287269.852
matmult-int,49103387176,24099868676534,24148972063710,15876494202.000,15876.494202,41.002,40.00,41.00,45.00,49.00,288.222122,288222.122,,,288.222122,288222.122
matmult-int,48970065144,24149068769478,24198038834622,15833264800.000,15833.264800,30.722,41.00,42.00,45.00,49.00,286.532013,286532.013,,,286.532013,286532.013
matmult-int,48916816824,24198167107198,24247083924022,15815998640.000,15815.998640,40.982,41.00,41.00,45.00,49.00,286.920456,286920.456,,,286.920456,286920.456
matmult-int,49051245432,24247212063478,24296263308910,15859253305.000,15859.253305,40.970,40.00,42.00,45.00,50.00,287.253815,287253.815,,,287.253815,287253.815
matmult-int,48866578184,24296390724904,24345257303088,15799664871.000,15799.664871,41.005,41.00,41.00,45.00,49.00,286.655212,286655.212,,,286.655212,286655.212
matmult-int,48968674376,24345385452252,24394354126628,15832801227.000,15832.801227,40.920,40.00,41.00,45.00,50.00,286.825439,286825.439,,,286.825439,286825.439
matmult-int,49001158460,24394482885606,24443484044066,15843264196.000,15843.264196,41.097,41.00,41.00,45.00,50.00,287.077393,287077.393,,,287.077393,287077.393
matmult-int,48950378304,24443611939762,24492562318066,15826778291.000,15826.778291,40.992,41.00,41.00,45.00,50.00,286.812958,286812.958,,,286.812958,286812.958
matmult-int,49046048180,24492690813134,24541736861314,15857743512.000,15857.743512,41.073,41.00,41.00,45.00,49.00,286.886047,286886.047,,,286.886047,286886.047
matmult-int,48966143536,24541833851746,24590799995282,15832093636.000,15832.093636,30.806,41.00,40.00,45.00,49.00,286.352966,286352.966,,,286.352966,286352.966
matmult-int,49000924004,24590897239518,24639898163522,15843213564.000,15843.213564,30.814,40.00,40.00,45.00,49.00,286.774338,286774.338,,,286.774338,286774.338
matmult-int,49008379956,24639994287716,24689002667672,15845657289.000,15845.657289,30.640,41.00,41.00,45.00,49.00,286.780991,286780.991,,,286.780991,286780.991
matmult-int,49005157616,24689098744074,24738103901690,15844507184.000,15844.507184,30.575,41.00,41.00,45.00,50.00,286.850906,286850.906,,,286.850906,286850.906
matmult-int,49005230600,24738232026274,24787237256874,15844543962.000,15844.543962,41.061,41.00,42.00,45.00,49.00,287.074860,287074.860,,,287.074860,287074.860
matmult-int,48995258968,24787366263266,24836361522234,15841344638.000,15841.344638,41.115,41.00,41.00,45.00,49.00,287.045609,287045.609,,,287.045609,287045.609
matmult-int,49050446376,24836489077434,24885539523810,15859022244.000,15859.022244,40.941,41.00,41.00,45.00,50.00,287.204361,287204.361,,,287.204361,287204.361
matmult-int,49418397468,24885667406466,24935085803934,15977957097.000,15977.957097,41.049,40.00,41.00,45.00,49.00,290.180145,290180.145,,,290.180145,290180.145
matmult-int,48974130244,24935213410046,24984187540290,15834351988.000,15834.351988,41.000,41.00,41.00,45.00,50.00,286.926514,286926.514,,,286.926514,286926.514
matmult-int,49033158656,24984315507506,25033348666162,15853581311.000,15853.581311,40.988,40.00,41.00,45.00,50.00,287.124023,287124.023,,,287.124023,287124.023
matmult-int,48944833448,25033476660682,25082421494130,15824935149.000,15824.935149,40.998,40.00,41.00,44.00,50.00,286.725601,286725.601,,,286.725601,286725.601
matmult-int,48983819792,25082549492063,25131533311855,15837604969.000,15837.604969,41.027,41.00,41.00,45.00,50.00,286.837753,286837.753,,,286.837753,286837.753
matmult-int,49030614524,25131662033094,25180692647618,15852885784.000,15852.885784,41.046,41.00,41.00,45.00,49.00,286.983261,286983.261,,,286.983261,286983.261
matmult-int,49014366000,25180789478314,25229803844314,15847704126.000,15847.704126,30.666,42.00,41.00,45.00,50.00,286.872620,286872.620,,,286.872620,286872.620
matmult-int,49053226792,25229932018634,25278985245426,15859999490.000,15859.999490,41.021,41.00,41.00,45.00,50.00,287.301910,287301.910,,,287.301910,287301.910
matmult-int,49011850608,25279113075930,25328124926538,15846678132.000,15846.678132,40.941,40.00,42.00,45.00,50.00,287.170822,287170.822,,,287.170822,287170.822
matmult-int,48972421488,25328253740599,25377226162087,15833925673.000,15833.925673,41.175,41.00,42.00,45.00,50.00,286.726166,286726.166,,,286.726166,286726.166
matmult-int,49031029324,25377354603540,25426385632864,15852904650.000,15852.904650,41.096,41.00,42.00,45.00,49.00,286.936798,286936.798,,,286.936798,286936.798
matmult-int,49027197064,25426514195442,25475541392506,15851504784.000,15851.504784,41.075,41.00,42.00,45.00,50.00,287.793411,287793.411,,,287.793411,287793.411
matmult-int,49806099296,25475669770638,25525475869934,16103560822.000,16103.560822,41.089,41.00,42.00,45.00,49.00,291.860794,291860.794,,,291.860794,291860.794
matmult-int,50601931912,25525603962782,25576205894694,16360736197.000,16360.736197,41.110,42.00,41.00,45.00,49.00,295.189804,295189.804,,,295.189804,295189.804
matmult-int,48979845688,25576334075890,25625313921578,15836172626.000,15836.172626,41.039,41.00,41.00,45.00,50.00,286.777969,286777.969,,,286.777969,286777.969
matmult-int,48902289372,25625441378562,25674343667934,15811014116.000,15811.014116,40.958,40.00,41.00,45.00,50.00,286.427994,286427.994,,,286.427994,286427.994
matmult-int,48970655472,25674471176693,25723441832165,15833286169.000,15833.286169,41.026,41.00,41.00,45.00,50.00,286.664764,286664.764,,,286.664764,286664.764
matmult-int,49075370848,25723538280954,25772613651802,15867093144.000,15867.093144,30.768,41.00,42.00,45.00,49.00,287.070938,287070.938,,,287.070938,287070.938
matmult-int,48935554780,25772710342502,25821645897282,15821900351.000,15821.900351,30.895,41.00,41.00,45.00,50.00,286.531403,286531.403,,,286.531403,286531.403
matmult-int,48968622492,25821773319654,25870741942146,15832654653.000,15832.654653,40.997,41.00,41.00,45.00,50.00,286.872009,286872.009,,,286.872009,286872.009
matmult-int,48994056496,25870870296838,25919864353334,15840976522.000,15840.976522,40.980,41.00,41.00,45.00,49.00,286.846115,286846.115,,,286.846115,286846.115
matmult-int,48963825252,25919992386762,25968956212014,15831193786.000,15831.193786,40.944,41.00,41.00,45.00,49.00,286.684647,286684.647,,,286.684647,286684.647
matmult-int,48977417084,25969084446470,26018061863554,15835530467.000,15835.530467,41.059,40.00,41.00,45.00,51.00,286.802521,286802.521,,,286.802521,286802.521
matmult-int,48924081712,26018221794426,26067145876138,15818250467.000,15818.250467,51.213,40.00,41.00,45.00,50.00,287.270157,287270.157,,,287.270157,287270.157
matmult-int,49109697376,26067273536854,26116383234230,15878096788.000,15878.096788,40.969,41.00,41.00,45.00,49.00,287.555069,287555.069,,,287.555069,287555.069
matmult-int,49027475468,26116510736910,26165538212378,15851682843.000,15851.682843,41.034,40.00,41.00,45.00,50.00,287.315231,287315.231,,,287.315231,287315.231
matmult-int,48967276236,26165666364734,26214633640970,15832318983.000,15832.318983,40.847,41.00,41.00,45.00,49.00,286.936829,286936.829,,,286.936829,286936.829
matmult-int,49032584172,26214761246826,26263793830998,15853165440.000,15853.165440,40.952,41.00,41.00,45.00,49.00,286.875000,286875.000,,,286.875000,286875.000
matmult-int,49685301924,26263921203210,26313606505134,16064406766.000,16064.406766,40.989,41.00,40.00,45.00,50.00,291.361557,291361.557,,,291.361557,291361.557
matmult-int,49096969652,26313734600610,26362831570262,15874154363.000,15874.154363,40.990,41.00,41.00,45.00,49.00,287.283905,287283.905,,,287.283905,287283.905
matmult-int,48963647664,26362959932792,26411923580456,15831218981.000,15831.218981,40.943,41.00,41.00,45.00,50.00,286.590714,286590.714,,,286.590714,286590.714
nettle-sha256,54913110220,26412051669202,26466964779422,17754641144.000,17754.641144,40.905,41.00,41.00,45.00,49.00,353.713181,353713.181,,,353.713181,353713.181
nettle-sha256,54955952852,26467092817558,26522048770410,17768489924.000,17768.489924,41.008,41.00,41.00,45.00,50.00,355.421112,355421.112,,,355.421112,355421.112
nettle-sha256,54883921048,26522208288910,26577092209958,17744965646.000,17744.965646,51.241,40.00,42.00,45.00,50.00,352.620834,352620.834,,,352.620834,352620.834
nettle-sha256,54877068416,26577219876860,26632096945276,17742899783.000,17742.899783,41.018,41.00,42.00,45.00,50.00,352.738632,352738.632,,,352.738632,352738.632
nettle-sha256,54878197216,26632224808356,26687103005572,17743332211.000,17743.332211,41.069,41.00,42.00,45.00,50.00,352.809692,352809.692,,,352.809692,352809.692
nettle-sha256,54981195444,26687232064850,26742213260294,17776751198.000,17776.751198,41.153,41.00,42.00,45.00,50.00,356.445541,356445.541,,,356.445541,356445.541
nettle-sha256,54937065308,26742341951580,26797279016888,17762558217.000,17762.558217,40.994,41.00,40.00,45.00,49.00,354.421722,354421.722,,,354.421722,354421.722
nettle-sha256,54913502628,26797406778242,26852320280870,17754675388.000,17754.675388,40.952,41.00,41.00,45.00,50.00,354.891495,354891.495,,,354.891495,354891.495
nettle-sha256,54941644488,26852448693870,26907390338358,17763967957.000,17763.967957,41.028,42.00,41.00,45.00,50.00,355.143326,355143.326,,,355.143326,355143.326
nettle-sha256,54961656084,26907519075258,26962480731342,17770261003.000,17770.261003,41.153,41.00,42.00,45.00,49.00,355.724411,355724.411,,,355.724411,355724.411
nettle-sha256,54900174552,26962577009601,27017477184153,17750243366.000,17750.243366,30.870,42.00,41.00,45.00,50.00,353.057098,353057.098,,,353.057098,353057.098
nettle-sha256,54936800948,27017605634724,27072542435672,17762505752.000,17762.505752,41.096,42.00,41.00,45.00,49.00,354.738861,354738.861,,,354.738861,354738.861
nettle-sha256,54945724236,27072670566954,27127616291190,17765232093.000,17765.232093,40.909,41.00,41.00,45.00,50.00,355.484772,355484.772,,,355.484772,355484.772
nettle-sha256,54960250512,27127744230246,27182704480758,17769856952.000,17769.856952,41.004,41.00,41.00,44.00,49.00,356.015213,356015.213,,,356.015213,356015.213
nettle-sha256,54895792616,27182801314618,27237697107234,17749189918.000,17749.189918,30.737,41.00,42.00,45.00,50.00,353.310226,353310.226,,,353.310226,353310.226
nettle-sha256,54852843832,27237825437329,27292678281161,17735137626.000,17735.137626,41.026,42.00,42.00,45.00,49.00,351.653503,351653.503,,,351.653503,351653.503
nettle-sha256,54936369732,27292806278538,27347742648270,17762021457.000,17762.021457,41.041,42.00,41.00,45.00,50.00,354.929718,354929.718,,,354.929718,354929.718
nettle-sha256,54928001644,27347870325110,27402798326754,17759412723.000,17759.412723,40.987,42.00,41.00,45.00,50.00,354.081787,354081.787,,,354.081787,354081.787
nettle-sha256,54903218584,27402927411982,27457830630566,17751494133.000,17751.494133,41.137,42.00,42.00,45.00,50.00,353.249634,353249.634,,,353.249634,353249.634
nettle-sha256,54955093116,27457927051710,27512882144826,17768057842.000,17768.057842,30.908,42.00,41.00,45.00,49.00,355.562805,355562.805,,,355.562805,355562.805
nettle-sha256,54894012568,27513009924322,27567903936890,17748297986.000,17748.297986,41.068,41.00,41.00,45.00,49.00,353.009018,353009.018,,,353.009018,353009.018
nettle-sha256,54951634768,27568031677974,27622983312742,17766998871.000,17766.998871,40.963,41.00,42.00,45.00,49.00,355.255844,355255.844,,,355.255844,355255.844
nettle-sha256,54907667368,27623110748410,27678018415778,17752701856.000,17752.701856,40.955,42.00,42.00,45.00,50.00,353.606537,353606.537,,,353.606537,353606.537
nettle-sha256,54908803448,27678146200542,27733055003990,17753010122.000,17753.010122,41.063,42.00,42.00,45.00,49.00,353.892532,353892.532,,,353.892532,353892.532
nettle-sha256,54907275864,27733150812365,27788058088229,17752727509.000,17752.727509,30.774,41.00,42.00,45.00,50.00,353.250885,353250.885,,,353.250885,353250.885
nettle-sha256,54910394212,27788186829422,27843097223634,17753830062.000,17753.830062,41.141,41.00,41.00,45.00,50.00,353.818130,353818.130,,,353.818130,353818.130
nettle-sha256,54933381164,27843225757062,27898159138226,17761280269.000,17761.280269,40.985,41.00,42.00,45.00,50.00,354.555588,354555.588,,,354.555588,354555.588
nettle-sha256,54981446868,27898287297764,27953268744632,17776701606.000,17776.701606,41.084,42.00,42.00,45.00,49.00,357.144928,357144.928,,,357.144928,357144.928
nettle-sha256,55005541916,27953397016714,28008402558630,17784461305.000,17784.461305,40.925,41.00,42.00,45.00,49.00,358.254272,358254.272,,,358.254272,358254.272
nettle-sha256,54870421748,28008530785492,28063401207240,17740847853.000,17740.847853,41.081,42.00,42.00,45.00,50.00,352.536774,352536.774,,,352.536774,352536.774
nettle-sha256,54873240508,28063561858678,28118435099186,17741993513.000,17741.993513,51.420,42.00,41.00,45.00,50.00,352.111176,352111.176,,,352.111176,352111.176
nettle-sha256,54917393736,28118563573134,28173480966870,17756078775.000,17756.078775,41.058,41.00,41.00,45.00,50.00,353.798660,353798.660,,,353.798660,353798.660
nettle-sha256,54969494916,28173609910006,28228579404922,17773055881.000,17773.055881,41.067,41.00,41.00,45.00,50.00,356.596176,356596.176,,,356.596176,356596.176
nettle-sha256,54860596000,28228707547742,28283568143742,17737846324.000,17737.846324,40.854,41.00,42.00,45.00,50.00,352.684357,352684.357,,,352.684357,352684.357
nettle-sha256,54975989820,28283728344522,28338704334342,17775041101.000,17775.041101,51.298,41.00,42.00,45.00,50.00,357.207138,357207.138,,,357.207138,357207.138
nettle-sha256,54897615832,28338864141234,28393761757066,17749556917.000,17749.556917,51.254,41.00,42.00,45.00,50.00,353.613739,353613.739,,,353.613739,353613.739
nettle-sha256,54916051392,28393890360348,28448806411740,17755704400.000,17755.704400,41.086,41.00,41.00,45.00,50.00,354.716934,354716.934,,,354.716934,354716.934
nettle-sha256,54890465372,28448935128570,28503825593942,17747383759.000,17747.383759,41.091,41.00,42.00,45.00,50.00,353.024124,353024.124,,,353.024124,353024.124
nettle-sha256,54960903852,28503953686434,28558914590286,17769981197.000,17769.981197,41.030,42.00,41.00,45.00,51.00,355.892288,355892.288,,,355.892288,355892.288
nettle-sha256,54938180996,28559073432546,28614011613542,17762679330.000,17762.679330,51.065,41.00,41.00,45.00,49.00,355.312607,355312.607,,,355.312607,355312.607
nettle-sha256,54909234540,28614107972998,28669017207538,17753482939.000,17753.482939,30.641,42.00,42.00,45.00,50.00,353.673447,353673.447,,,353.673447,353673.447
nettle-sha256,54933288400,28669177597738,28724110886138,17761206895.000,17761.206895,51.290,42.00,41.00,45.00,50.00,355.436005,355436.005,,,355.436005,355436.005
nettle-sha256,54925619688,28724271170002,28779196789690,17758735542.000,17758.735542,51.464,41.00,41.00,45.00,50.00,354.824783,354824.783,,,354.824783,354824.783
nettle-sha256,54872205484,28779356838466,28834229043950,17741269386.000,17741.269386,51.254,41.00,41.00,45.00,50.00,352.706345,352706.345,,,352.706345,352706.345
nettle-sha256,54913998560,28834356223590,28889270222150,17754879209.000,17754.879209,40.916,41.00,41.00,44.00,50.00,354.324432,354324.432,,,354.324432,354324.432
nettle-sha256,54959376680,28889398117974,28944357494654,17769546173.000,17769.546173,40.957,42.00,42.00,45.00,50.00,356.087158,356087.158,,,356.087158,356087.158
nettle-sha256,54970885016,28944486145494,28999457030510,17773408091.000,17773.408091,41.081,41.00,41.00,45.00,50.00,356.534134,356534.134,,,356.534134,356534.134
nettle-sha256,54978650296,28999584986392,29054563636688,17775848891.000,17775.848891,41.017,41.00,42.00,45.00,50.00,356.826385,356826.385,,,356.826385,356826.385
nettle-sha256,54907403924,29054723360572,29109630764496,17752760493.000,17752.760493,51.201,41.00,41.00,45.00,50.00,354.306107,354306.107,,,354.306107,354306.107
nettle-sha256,54859236220,29109758709164,29164617945384,17737326087.000,17737.326087,40.792,41.00,41.00,45.00,50.00,351.808472,351808.472,,,351.808472,351808.472
rijndael,51732335208,29164746038698,29216478373906,16726022300.000,16726.022300,41.069,41.00,41.00,45.00,49.00,313.164963,313164.963,,,313.164963,313164.963
rijndael,51732936420,29216574627254,29268307563674,16726228190.000,16726.228190,30.910,41.00,41.00,45.00,48.00,313.069901,313069.901,,,313.069901,313069.901
rijndael,51731298076,29268403440306,29320134738382,16725880728.000,16725.880728,30.812,41.00,41.00,45.00,49.00,312.775375,312775.375,,,312.775375,312775.375
rijndael,51732892012,29320231607126,29371964499138,16726394625.000,16726.394625,30.780,41.00,42.00,45.00,49.00,312.916580,312916.580,,,312.916580,312916.580
rijndael,51732040156,29372060612614,29423792652770,16726040893.000,16726.040893,30.805,41.00,41.00,45.00,48.00,312.711761,312711.761,,,312.711761,312711.761
rijndael,51732817168,29423857586918,29475590404086,16726535257.000,16726.535257,20.442,41.00,41.00,45.00,49.00,312.845352,312845.352,,,312.845352,312845.352
rijndael,51733052740,29475686516728,29527419569468,16726399297.000,16726.399297,30.692,41.00,42.00,45.00,49.00,313.195923,313195.923,,,313.195923,313195.923
rijndael,51732963652,29527515922950,29579248886602,16726239410.000,16726.239410,30.868,42.00,41.00,45.00,50.00,313.027374,313027.374,,,313.027374,313027.374
rijndael,51732809552,29579377202346,29631110011898,16726552468.000,16726.552468,41.103,42.00,42.00,45.00,49.00,312.966156,312966.156,,,312.966156,312966.156
rijndael,51732789924,29631206896504,29682939686428,16726416531.000,16726.416531,30.743,41.00,41.00,45.00,48.00,312.561264,312561.264,,,312.561264,312561.264
rijndael,51732809876,29683036107854,29734768917730,16726260765.000,16726.260765,30.834,42.00,41.00,45.00,49.00,312.748062,312748.062,,,312.748062,312748.062
rijndael,51733050956,29734864901670,29786597952626,16726383364.000,16726.383364,30.817,41.00,41.00,45.00,49.00,313.590088,313590.088,,,313.590088,313590.088
rijndael,51731445812,29786726700974,29838458146786,16726126231.000,16726.126231,41.134,40.00,40.00,45.00,48.00,313.036209,313036.209,,,313.036209,313036.209
rijndael,51731791908,29838555086342,29890286878250,16726199917.000,16726.199917,30.746,41.00,42.00,45.00,48.00,313.028214,313028.214,,,313.028214,313028.214
rijndael,51732834208,29890383808512,29942116642720,16726518220.000,16726.518220,30.822,41.00,42.00,45.00,49.00,312.973755,312973.755,,,312.973755,312973.755
rijndael,51732595060,29942244970386,29993977565446,16726112409.000,16726.112409,41.101,41.00,42.00,45.00,49.00,312.923904,312923.904,,,312.923904,312923.904
rijndael,51732449632,29994073512058,30045805961690,16726128172.000,16726.128172,30.805,42.00,41.00,45.00,48.00,312.760406,312760.406,,,312.760406,312760.406
rijndael,51731835732,30045902342202,30097634177934,16725989840.000,16725.989840,30.906,41.00,41.00,45.00,48.00,312.960739,312960.739,,,312.960739,312960.739
rijndael,51732854676,30097699411158,30149432265834,16726341744.000,16726.341744,20.602,41.00,41.00,45.00,49.00,313.031876,313031.876,,,313.031876,313031.876
rijndael,51732509960,30149559891808,30201292401768,16726069801.000,16726.069801,41.008,40.00,41.00,45.00,49.00,312.974197,312974.197,,,312.974197,312974.197
rijndael,51732860428,30201388565782,30253121426210,16726272474.000,16726.272474,30.868,41.00,42.00,45.00,49.00,312.859451,312859.451,,,312.859451,312859.451
rijndael,51732791968,30253217617242,30304950409210,16726275051.000,16726.275051,30.854,42.00,40.00,45.00,49.00,312.943985,312943.985,,,312.943985,312943.985
rijndael,51732887108,30305047114122,30356780001230,16726581402.000,16726.581402,30.765,41.00,40.00,45.00,48.00,312.837372,312837.372,,,312.837372,312837.372
rijndael,51732817472,30356877244738,30408610062210,16726419883.000,16726.419883,30.852,41.00,42.00,45.00,48.00,312.717651,312717.651,,,312.717651,312717.651
rijndael,51731739420,30408706353496,30460438092916,16726093603.000,16726.093603,30.794,42.00,41.00,45.00,49.00,313.278091,313278.091,,,313.278091,313278.091
rijndael,51733195340,30460534493754,30512267689094,16726377566.000,16726.377566,30.714,41.00,42.00,45.00,49.00,312.959900,312959.900,,,312.959900,312959.900
rijndael,51733058508,30512363948614,30564097007122,16726478492.000,16726.478492,30.912,42.00,41.00,45.00,49.00,313.264572,313264.572,,,313.264572,313264.572
rijndael,51732944952,30564193855602,30615926800554,16726597377.000,16726.597377,30.718,41.00,41.00,45.00,49.00,313.198578,313198.578,,,313.198578,313198.578
rijndael,51732254212,30616023597874,30667755852086,16726361645.000,16726.361645,30.730,41.00,42.00,45.00,49.00,312.953781,312953.781,,,312.953781,312953.781
rijndael,51732741404,30667820947198,30719553688602,16726521401.000,16726.521401,20.467,41.00,41.00,45.00,48.00,312.641861,312641.861,,,312.641861,312641.861
rijndael,51732894488,30719650453202,30771383347690,16726427474.000,16726.427474,30.738,40.00,41.00,45.00,48.00,312.910583,312910.583,,,312.910583,312910.583
rijndael,51733096664,30771479481418,30823212578082,16726286841.000,16726.286841,30.809,41.00,41.00,45.00,49.00,312.900864,312900.864,,,312.900864,312900.864
rijndael,51732148392,30823308593618,30875040742010,16726007245.000,16726.007245,30.845,41.00,41.00,45.00,49.00,312.885040,312885.040,,,312.885040,312885.040
rijndael,51731916248,30875137163210,30926869079458,16726011730.000,16726.011730,30.918,41.00,41.00,45.00,48.00,312.970169,312970.169,,,312.970169,312970.169
rijndael,51732078072,30926934273500,30978666351572,16726359011.000,16726.359011,20.539,41.00,41.00,45.00,47.00,312.741104,312741.104,,,312.741104,312741.104
rijndael,51731830508,30978731943834,31030463774342,16726345955.000,16726.345955,20.569,41.00,41.00,45.00,49.00,312.501907,312501.907,,,312.501907,312501.907
rijndael,51731931804,31030560497776,31082292429580,16726254047.000,16726.254047,30.634,41.00,41.00,45.00,48.00,312.548019,312548.019,,,312.548019,312548.019
rijndael,51732978732,31082388697150,31134121675882,16726461916.000,16726.461916,30.689,41.00,42.00,45.00,48.00,312.507523,312507.523,,,312.507523,312507.523
rijndael,51732792480,31134186673816,31185919466296,16726502756.000,16726.502756,20.469,41.00,41.00,45.00,48.00,312.564011,312564.011,,,312.564011,312564.011
rijndael,51732120676,31186015768786,31237747889462,16726231183.000,16726.231183,30.719,41.00,41.00,44.00,49.00,312.821579,312821.579,,,312.821579,312821.579
rijndael,51732871732,31237844409426,31289577281158,16726498852.000,16726.498852,30.629,41.00,41.00,45.00,49.00,312.885757,312885.757,,,312.885757,312885.757
rijndael,51732514480,31289673817450,31341406331930,16726261258.000,16726.261258,30.778,41.00,40.00,45.00,49.00,312.719559,312719.559,,,312.719559,312719.559
rijndael,51732260620,31341502777502,31393235038122,16726119548.000,16726.119548,30.840,41.00,41.00,45.00,48.00,312.844742,312844.742,,,312.844742,312844.742
rijndael,51732671948,31393331303742,31445063975690,16726309229.000,16726.309229,30.762,41.00,40.00,45.00,49.00,312.711121,312711.121,,,312.711121,312711.121
rijndael,51733080684,31445160304890,31496893385574,16726432518.000,16726.432518,30.854,40.00,41.00,45.00,48.00,312.501419,312501.419,,,312.501419,312501.419
rijndael,51731749596,31496990298354,31548722047950,16726192873.000,16726.192873,30.802,41.00,41.00,45.00,48.00,312.789825,312789.825,,,312.789825,312789.825
rijndael,51732635772,31548819441682,31600552077454,16726572278.000,16726.572278,30.867,40.00,41.00,45.00,49.00,312.891571,312891.571,,,312.891571,312891.571
rijndael,51732884644,31600680373486,31652413258130,16726209026.000,16726.209026,41.058,41.00,41.00,45.00,49.00,313.359879,313359.879,,,313.359879,313359.879
rijndael,51732897596,31652509048706,31704241946302,16726216464.000,16726.216464,30.757,41.00,41.00,45.00,48.00,312.770416,312770.416,,,312.770416,312770.416
rijndael,51732334556,31704337888898,31756070223454,16726083188.000,16726.083188,30.809,42.00,42.00,45.00,48.00,313.015671,313015.671,,,313.015671,313015.671
