benchmark,cpu_cycles,cycles_start,cycles_end,time_ns,time_ms,cooldown_ms,temp_before,temp_after,pkg_temp_before,pkg_temp_after,pkg_joules,pkg_mJ,pp0_joules,pp0_mJ,pp1_joules,pp1_mJ,dram_joules,dram_mJ,total_joules,total_mJ
crc32,477316244,4444276453163,4444753769407,154389230.000,154.389230,0.011,45.00,42.00,45.00,42.00,2.188293,2188.293,1.650482,1650.482,0.040436,40.436,,,2.188293,2188.293
crc32,477384984,4444754174659,4445231559643,154407856.000,154.407856,0.010,42.00,42.00,42.00,42.00,2.186279,2186.279,1.648376,1648.376,0.040390,40.390,,,2.186279,2186.279
crc32,477432956,4445231903307,4445709336263,154421772.000,154.421772,0.009,42.00,42.00,42.00,42.00,2.183929,2183.929,1.646759,1646.759,0.040482,40.482,,,2.183929,2183.929
crc32,477345292,4445709680183,4446187025475,154392015.000,154.392015,0.013,42.00,41.00,42.00,41.00,2.182999,2182.999,1.645828,1645.828,0.040451,40.451,,,2.182999,2182.999
crc32,477394464,4446187349795,4446664744259,154409429.000,154.409429,0.009,41.00,42.00,41.00,42.00,2.180939,2180.939,1.643982,1643.982,0.040466,40.466,,,2.180939,2180.939
crc32,477373156,4446665077423,4447142450579,154402589.000,154.402589,0.009,43.00,42.00,43.00,42.00,2.189713,2189.713,1.652573,1652.573,0.040421,40.421,,,2.189713,2189.713
crc32,477384096,4447142782431,4447620166527,154406158.000,154.406158,0.009,42.00,42.00,42.00,42.00,2.182388,2182.388,1.645782,1645.782,0.040451,40.451,,,2.182388,2182.388
crc32,477430716,4447620497819,4448097928535,154420994.000,154.420994,0.009,42.00,42.00,42.00,42.00,2.183762,2183.762,1.647812,1647.812,0.040497,40.497,,,2.183762,2183.762
crc32,477371092,4448098260351,4448575631443,154402551.000,154.402551,0.009,42.00,42.00,42.00,42.00,2.180130,2180.130,1.644760,1644.760,0.040466,40.466,,,2.180130,2180.130
crc32,477381684,4448575968211,4449053349895,154405693.000,154.405693,0.009,42.00,42.00,42.00,42.00,2.181183,2181.183,1.645172,1645.172,0.040512,40.512,,,2.181183,2181.183
crc32,477379584,4449053683923,4449531063507,154405507.000,154.405507,0.009,42.00,42.00,42.00,42.00,2.185623,2185.623,1.649200,1649.200,0.040466,40.466,,,2.185623,2185.623
crc32,477359332,4449531401547,4450008760879,154401114.000,154.401114,0.009,42.00,41.00,42.00,41.00,2.191589,2191.589,1.655060,1655.060,0.040451,40.451,,,2.191589,2191.589
crc32,477329036,4450009105739,4450486434775,154386930.000,154.386930,0.009,41.00,42.00,41.00,42.00,2.179337,2179.337,1.642624,1642.624,0.040482,40.482,,,2.179337,2179.337
crc32,477403528,4450486765815,4450964169343,154412185.000,154.412185,0.009,42.00,42.00,42.00,42.00,2.179565,2179.565,1.644028,1644.028,0.040466,40.466,,,2.179565,2179.565
crc32,477447872,4450964504799,4451441952671,154427421.000,154.427421,0.009,42.00,42.00,42.00,42.00,2.183716,2183.716,1.647812,1647.812,0.040497,40.497,,,2.183716,2183.716
crc32,477392928,4451442290695,4451919683623,154407967.000,154.407967,0.009,42.00,42.00,42.00,42.00,2.179031,2179.031,1.643539,1643.539,0.040512,40.512,,,2.179031,2179.031
crc32,477297180,4451920014903,4452397312083,154376917.000,154.376917,0.009,42.00,41.00,42.00,41.00,2.175186,2175.186,1.640076,1640.076,0.040527,40.527,,,2.175186,2175.186
crc32,477523804,4452397668399,4452875192203,154452904.000,154.452904,0.010,41.00,41.00,41.00,41.00,2.203217,2203.217,1.667572,1667.572,0.040466,40.466,,,2.203217,2203.217
crc32,477392312,4452875537367,4453352929679,154408092.000,154.408092,0.010,41.00,42.00,41.00,42.00,2.176926,2176.926,1.641678,1641.678,0.040466,40.466,,,2.176926,2176.926
crc32,477427648,4453353261155,4453830688803,154420060.000,154.420060,0.009,42.00,41.00,42.00,41.00,2.186371,2186.371,1.650177,1650.177,0.040558,40.558,,,2.186371,2186.371
crc32,477638224,4453831024919,4454308663143,154490512.000,154.490512,0.009,41.00,42.00,41.00,42.00,2.194077,2194.077,1.655609,1655.609,0.040771,40.771,,,2.194077,2194.077
crc32,477411072,4454309014127,4454786425199,154416342.000,154.416342,0.010,42.00,42.00,42.00,42.00,2.179535,2179.535,1.644485,1644.485,0.040512,40.512,,,2.179535,2179.535
crc32,477402712,4454786767619,4455264170331,154412062.000,154.412062,0.009,42.00,42.00,42.00,42.00,2.178818,2178.818,1.643753,1643.753,0.040543,40.543,,,2.178818,2178.818
crc32,477423592,4455264506583,4455741930175,154419216.000,154.419216,0.009,42.00,42.00,42.00,42.00,2.185394,2185.394,1.650452,1650.452,0.040527,40.527,,,2.185394,2185.394
crc32,477430320,4455742267787,4456219698107,154421272.000,154.421272,0.009,42.00,42.00,42.00,42.00,2.177643,2177.643,1.642502,1642.502,0.040466,40.466,,,2.177643,2177.643
crc32,477288256,4456220035679,4456697323935,154374295.000,154.374295,0.009,42.00,42.00,42.00,42.00,2.179642,2179.642,1.644638,1644.638,0.040482,40.482,,,2.179642,2179.642
crc32,477395420,4456697657183,4457175052603,154409918.000,154.409918,0.009,42.00,42.00,42.00,42.00,2.180878,2180.878,1.645264,1645.264,0.040482,40.482,,,2.180878,2180.878
crc32,477457624,4457175402519,4457652860143,154431372.000,154.431372,0.010,42.00,41.00,42.00,41.00,2.182114,2182.114,1.645767,1645.767,0.040497,40.497,,,2.182114,2182.114
crc32,477413192,4457653200063,4458130613255,154415327.000,154.415327,0.009,41.00,43.00,41.00,43.00,2.178360,2178.360,1.642715,1642.715,0.040558,40.558,,,2.178360,2178.360
crc32,477350272,4458130961915,4458608312187,154399147.000,154.399147,0.009,43.00,42.00,43.00,42.00,2.195572,2195.572,1.656036,1656.036,0.040726,40.726,,,2.195572,2195.572
crc32,477398492,4458608645395,4459086043887,154410922.000,154.410922,0.009,42.00,42.00,42.00,42.00,2.180542,2180.542,1.643982,1643.982,0.040436,40.436,,,2.180542,2180.542
crc32,477386036,4459086379567,4459563765603,154405497.000,154.405497,0.009,42.00,42.00,42.00,42.00,2.180664,2180.664,1.643661,1643.661,0.040497,40.497,,,2.180664,2180.664
crc32,477460756,4459564096431,4460041557187,154431448.000,154.431448,0.009,42.00,42.00,42.00,42.00,2.192444,2192.444,1.654770,1654.770,0.040466,40.466,,,2.192444,2192.444
crc32,477372668,4460041920155,4460519292823,154400993.000,154.400993,0.010,42.00,42.00,42.00,42.00,2.181885,2181.885,1.645950,1645.950,0.040482,40.482,,,2.181885,2181.885
crc32,477430296,4460519623987,4460997054283,154421684.000,154.421684,0.009,42.00,41.00,42.00,42.00,2.182541,2182.541,1.647156,1647.156,0.040512,40.512,,,2.182541,2182.541
crc32,477374744,4460997395815,4461474770559,154402139.000,154.402139,0.009,41.00,42.00,42.00,42.00,2.180023,2180.023,1.644638,1644.638,0.040497,40.497,,,2.180023,2180.023
crc32,477366296,4461475103263,4461952469559,154400734.000,154.400734,0.009,42.00,42.00,42.00,42.00,2.185394,2185.394,1.649429,1649.429,0.040466,40.466,,,2.185394,2185.394
crc32,477359296,4461952806939,4462430166235,154400778.000,154.400778,0.009,42.00,42.00,42.00,42.00,2.194397,2194.397,1.658646,1658.646,0.040421,40.421,,,2.194397,2194.397
crc32,477337012,4462430508111,4462907845123,154389239.000,154.389239,0.009,42.00,42.00,42.00,42.00,2.182907,2182.907,1.646866,1646.866,0.040466,40.466,,,2.182907,2182.907
crc32,477345972,4462908174003,4463385519975,154393901.000,154.393901,0.009,42.00,42.00,42.00,42.00,2.184113,2184.113,1.646698,1646.698,0.040466,40.466,,,2.184113,2184.113
crc32,477371728,4463385855067,4463863226795,154403131.000,154.403131,0.009,42.00,42.00,42.00,42.00,2.182877,2182.877,1.646500,1646.500,0.040482,40.482,,,2.182877,2182.877
crc32,477363436,4463863569007,4464340932443,154398534.000,154.398534,0.009,42.00,42.00,42.00,42.00,2.182495,2182.495,1.646912,1646.912,0.040466,40.466,,,2.182495,2182.495
crc32,477316952,4464341263399,4464818580351,154382699.000,154.382699,0.009,42.00,42.00,42.00,42.00,2.179398,2179.398,1.643402,1643.402,0.040421,40.421,,,2.179398,2179.398
crc32,477411516,4464818911299,4465296322815,154414877.000,154.414877,0.009,42.00,42.00,42.00,42.00,2.181122,2181.122,1.644135,1644.135,0.040497,40.497,,,2.181122,2181.122
crc32,477361748,4465296657755,4465774019503,154397678.000,154.397678,0.009,42.00,42.00,42.00,42.00,2.181366,2181.366,1.644424,1644.424,0.040497,40.497,,,2.181366,2181.366
crc32,477408252,4465774351935,4466251760187,154413816.000,154.413816,0.009,42.00,42.00,42.00,42.00,2.195374,2195.374,1.657715,1657.715,0.040436,40.436,,,2.195374,2195.374
crc32,477396820,4466252096119,4466729492939,154410572.000,154.410572,0.009,42.00,42.00,42.00,42.00,2.180344,2180.344,1.643600,1643.600,0.040497,40.497,,,2.180344,2180.344
crc32,477436948,4466729829943,4467207266891,154424316.000,154.424316,0.009,42.00,41.00,42.00,41.00,2.183701,2183.701,1.647552,1647.552,0.040451,40.451,,,2.183701,2183.701
crc32,477369404,4467207606039,4467684975443,154400377.000,154.400377,0.009,41.00,42.00,41.00,42.00,2.182327,2182.327,1.645218,1645.218,0.040497,40.497,,,2.182327,2182.327
crc32,477379528,4467685322447,4468162701975,154404196.000,154.404196,0.010,42.00,42.00,42.00,42.00,2.187576,2187.576,1.649719,1649.719,0.040482,40.482,,,2.187576,2187.576
cubic,389531204,4468163038427,4468552569631,126002274.000,126.002274,0.009,42.00,42.00,42.00,42.00,1.905396,1905.396,1.468689,1468.689,0.032837,32.837,,,1.905396,1905.396
cubic,389492660,4468552899779,4468942392439,125988291.000,125.988291,0.009,42.00,43.00,42.00,43.00,1.919739,1919.739,1.478943,1478.943,0.033142,33.142,,,1.919739,1919.739
cubic,389485640,4468942719879,4469332205519,125986599.000,125.986599,0.009,43.00,41.00,43.00,41.00,1.921402,1921.402,1.480698,1480.698,0.033142,33.142,,,1.921402,1921.402
cubic,389512264,4469332533003,4469722045267,125995957.000,125.995957,0.009,41.00,42.00,41.00,42.00,1.919373,1919.373,1.478683,1478.683,0.033127,33.127,,,1.919373,1919.373
cubic,389592084,4469722396539,4470111988623,126023015.000,126.023015,0.010,42.00,42.00,42.00,42.00,1.907318,1907.318,1.469818,1469.818,0.032837,32.837,,,1.907318,1907.318
cubic,389492000,4470112326083,4470501818083,125988973.000,125.988973,0.009,42.00,42.00,42.00,42.00,1.921707,1921.707,1.480865,1480.865,0.033112,33.112,,,1.921707,1921.707
cubic,389495060,4470502147359,4470891642419,125989980.000,125.989980,0.009,42.00,43.00,42.00,43.00,1.916153,1916.153,1.475601,1475.601,0.033173,33.173,,,1.916153,1916.153
cubic,389530968,4470891968791,4471281499759,126001960.000,126.001960,0.009,43.00,42.00,43.00,42.00,1.920898,1920.898,1.479965,1479.965,0.033173,33.173,,,1.920898,1920.898
cubic,389495124,4471281831283,4471671326407,125989275.000,125.989275,0.009,42.00,43.00,42.00,43.00,1.907974,1907.974,1.470123,1470.123,0.032867,32.867,,,1.907974,1907.974
cubic,389517816,4471671654291,4472061172107,125997911.000,125.997911,0.009,43.00,42.00,43.00,42.00,1.925171,1925.171,1.483414,1483.414,0.033173,33.173,,,1.925171,1925.171
cubic,389532064,4472061504275,4472451036339,126002491.000,126.002491,0.009,42.00,43.00,42.00,43.00,1.928635,1928.635,1.486725,1486.725,0.033112,33.112,,,1.928635,1928.635
cubic,389542740,4472451369611,4472840912351,126004733.000,126.004733,0.009,43.00,43.00,43.00,43.00,1.923294,1923.294,1.481812,1481.812,0.033157,33.157,,,1.923294,1923.294
cubic,389540800,4472841257123,4473230797923,126009245.000,126.009245,0.010,43.00,43.00,43.00,43.00,1.910858,1910.858,1.473236,1473.236,0.032867,32.867,,,1.910858,1910.858
cubic,389533028,4473231147015,4473620680043,126002450.000,126.002450,0.009,43.00,42.00,43.00,42.00,1.909653,1909.653,1.471588,1471.588,0.032867,32.867,,,1.909653,1909.653
cubic,389486488,4473621016567,4474010503055,125986772.000,125.986772,0.009,42.00,43.00,42.00,43.00,1.921463,1921.463,1.480103,1480.103,0.033173,33.173,,,1.921463,1921.463
cubic,389533972,4474010859407,4474400393379,126002821.000,126.002821,0.010,43.00,43.00,43.00,43.00,1.926163,1926.163,1.484589,1484.589,0.033157,33.157,,,1.926163,1926.163
cubic,389508780,4474400729399,4474790238179,125994034.000,125.994034,0.009,43.00,43.00,43.00,43.00,1.919647,1919.647,1.481506,1481.506,0.032806,32.806,,,1.919647,1919.647
cubic,389495412,4474790570711,4475180066123,125988946.000,125.988946,0.009,43.00,43.00,43.00,43.00,1.907227,1907.227,1.469330,1469.330,0.032867,32.867,,,1.907227,1907.227
cubic,389491444,4475180397395,4475569888839,125988574.000,125.988574,0.009,43.00,43.00,43.00,43.00,1.923187,1923.187,1.481812,1481.812,0.033157,33.157,,,1.923187,1923.187
cubic,389532776,4475570220047,4475959752823,126002485.000,126.002485,0.009,43.00,42.00,43.00,42.00,1.922882,1922.882,1.481766,1481.766,0.033112,33.112,,,1.922882,1922.882
cubic,389544400,4475960088763,4476349633163,126006752.000,126.006752,0.009,42.00,42.00,42.00,42.00,1.910812,1910.812,1.473038,1473.038,0.033112,33.112,,,1.910812,1910.812
cubic,389524704,4476349972639,4476739497343,126000022.000,126.000022,0.009,42.00,42.00,42.00,42.00,1.907227,1907.227,1.469360,1469.360,0.032837,32.837,,,1.907227,1907.227
cubic,389496768,4476739833655,4477129330423,125990192.000,125.990192,0.009,42.00,42.00,42.00,42.00,1.921967,1921.967,1.481155,1481.155,0.033188,33.188,,,1.921967,1921.967
cubic,389515516,4477129663223,4477519178739,125996449.000,125.996449,0.009,42.00,43.00,42.00,43.00,1.922958,1922.958,1.482208,1482.208,0.033173,33.173,,,1.922958,1922.958
cubic,389492620,4477519513435,4477909006055,125988694.000,125.988694,0.009,43.00,43.00,43.00,43.00,1.921661,1921.661,1.480850,1480.850,0.033157,33.157,,,1.921661,1921.661
cubic,389507320,4477909337819,4478298845139,125993229.000,125.993229,0.009,43.00,43.00,43.00,43.00,1.905884,1905.884,1.468689,1468.689,0.032837,32.837,,,1.905884,1905.884
cubic,389508640,4478299177731,4478688686371,125995031.000,125.995031,0.009,43.00,43.00,43.00,43.00,2.050476,2050.476,1.609070,1609.070,0.033035,33.035,,,2.050476,2050.476
cubic,389584564,4478689021319,4479078605883,126019810.000,126.019810,0.009,43.00,42.00,43.00,42.00,1.931671,1931.671,1.489395,1489.395,0.033096,33.096,,,1.931671,1931.671
cubic,389541024,4479078945555,4479468486579,126005644.000,126.005644,0.009,42.00,42.00,42.00,42.00,1.925583,1925.583,1.484055,1484.055,0.033112,33.112,,,1.925583,1925.583
cubic,389528688,4479468823895,4479858352583,126000747.000,126.000747,0.009,42.00,42.00,42.00,42.00,1.906021,1906.021,1.467957,1467.957,0.032867,32.867,,,1.906021,1906.021
cubic,389510520,4479858686843,4480248197363,125994351.000,125.994351,0.009,42.00,43.00,42.00,43.00,1.924133,1924.133,1.482681,1482.681,0.033157,33.157,,,1.924133,1924.133
cubic,389546372,4480248530547,4480638076919,126007047.000,126.007047,0.009,43.00,43.00,43.00,43.00,1.925308,1925.308,1.484116,1484.116,0.033157,33.157,,,1.925308,1925.308
cubic,389528652,4480638415459,4481027944111,126001141.000,126.001141,0.009,43.00,43.00,43.00,43.00,1.923691,1923.691,1.482147,1482.147,0.033157,33.157,,,1.923691,1923.691
cubic,389488944,4481028293823,4481417782767,125991984.000,125.991984,0.009,43.00,43.00,43.00,43.00,1.908020,1908.020,1.470108,1470.108,0.032822,32.822,,,1.908020,1908.020
cubic,389521008,4481418126243,4481807647251,126000913.000,126.000913,0.010,43.00,42.00,43.00,42.00,1.906693,1906.693,1.468658,1468.658,0.032867,32.867,,,1.906693,1906.693
cubic,389500580,4481807990099,4482197490679,125991186.000,125.991186,0.009,42.00,42.00,42.00,42.00,1.922867,1922.867,1.481323,1481.323,0.033081,33.081,,,1.922867,1922.867
cubic,389608192,4482197822731,4482587430923,126028024.000,126.028024,0.009,42.00,42.00,42.00,42.00,1.922958,1922.958,1.481705,1481.705,0.033127,33.127,,,1.922958,1922.958
cubic,389512024,4482587770443,4482977282467,125995719.000,125.995719,0.009,42.00,42.00,42.00,42.00,1.909683,1909.683,1.471832,1471.832,0.032898,32.898,,,1.909683,1909.683
cubic,389504468,4482977646843,4483367151311,125992676.000,125.992676,0.010,42.00,43.00,42.00,43.00,1.907150,1907.150,1.469101,1469.101,0.032852,32.852,,,1.907150,1907.150
cubic,389525316,4483367484855,4483757010171,126000045.000,126.000045,0.009,43.00,43.00,43.00,43.00,1.922134,1922.134,1.479904,1479.904,0.033173,33.173,,,1.922134,1922.134
cubic,389493168,4483757345699,4484146838867,125988618.000,125.988618,0.009,43.00,42.00,43.00,42.00,1.927170,1927.170,1.485199,1485.199,0.033173,33.173,,,1.927170,1927.170
cubic,389513660,4484147170371,4484536684031,125995817.000,125.995817,0.009,42.00,42.00,42.00,42.00,1.909729,1909.729,1.483124,1483.124,0.033112,33.112,,,1.909729,1909.729
cubic,389551092,4484537015895,4484926566987,126008413.000,126.008413,0.009,42.00,43.00,42.00,43.00,1.909409,1909.409,1.471069,1471.069,0.032883,32.883,,,1.909409,1909.409
cubic,389545524,4484926900587,4485316446111,126006965.000,126.006965,0.009,43.00,42.00,43.00,42.00,1.932022,1932.022,1.489365,1489.365,0.033142,33.142,,,1.932022,1932.022
cubic,389539176,4485316782443,4485706321619,126004534.000,126.004534,0.009,42.00,43.00,42.00,43.00,1.923706,1923.706,1.482132,1482.132,0.033081,33.081,,,1.923706,1923.706
cubic,389526612,4485706657595,4486096184207,126000477.000,126.000477,0.009,43.00,43.00,43.00,43.00,1.925018,1925.018,1.483597,1483.597,0.033112,33.112,,,1.925018,1925.018
cubic,389485688,4486096520875,4486486006563,125987129.000,125.987129,0.009,43.00,42.00,43.00,42.00,1.912521,1912.521,1.474930,1474.930,0.032913,32.913,,,1.912521,1912.521
cubic,389542756,4486486341343,4486875884099,126005852.000,126.005852,0.009,42.00,42.00,42.00,42.00,1.919373,1919.373,1.478714,1478.714,0.033157,33.157,,,1.919373,1919.373
cubic,389510932,4486876221891,4487265732823,125995366.000,125.995366,0.009,42.00,43.00,42.00,43.00,1.935181,1935.181,1.494080,1494.080,0.033066,33.066,,,1.935181,1935.181
cubic,389493336,4487266067979,4487655561315,125989028.000,125.989028,0.009,43.00,42.00,43.00,42.00,1.924057,1924.057,1.482224,1482.224,0.033157,33.157,,,1.924057,1924.057
dijkstra,444523504,4487655896863,4488100420367,143782765.000,143.782765,0.009,42.00,44.00,42.00,44.00,2.380814,2380.814,1.878738,1878.738,0.037506,37.506,,,2.380814,2380.814
dijkstra,442191844,4488100772047,4488542963891,143028772.000,143.028772,0.009,44.00,45.00,44.00,45.00,2.386124,2386.124,1.883606,1883.606,0.037582,37.582,,,2.386124,2386.124
dijkstra,441838528,4488543315887,4488985154415,142913431.000,142.913431,0.009,45.00,44.00,45.00,44.00,2.370636,2370.636,1.871155,1871.155,0.037308,37.308,,,2.370636,2370.636
dijkstra,442672848,4488985502563,4489428175411,143183965.000,143.183965,0.009,44.00,44.00,44.00,44.00,2.369247,2369.247,1.869614,1869.614,0.037415,37.415,,,2.369247,2369.247
dijkstra,443158076,4489428525347,4489871683423,143340986.000,143.340986,0.009,44.00,44.00,44.00,44.00,2.384323,2384.323,1.868271,1868.271,0.037292,37.292,,,2.384323,2384.323
dijkstra,443497184,4489872032103,4490315529287,143449309.000,143.449309,0.009,44.00,44.00,44.00,44.00,2.384628,2384.628,1.881653,1881.653,0.037598,37.598,,,2.384628,2384.628
dijkstra,442142752,4490315875071,4490758017823,143011912.000,143.011912,0.009,44.00,44.00,44.00,44.00,2.366379,2366.379,1.867294,1867.294,0.037384,37.384,,,2.366379,2366.379
dijkstra,442139516,4490758364299,4491200503815,143010402.000,143.010402,0.009,44.00,44.00,44.00,44.00,2.383545,2383.545,1.880417,1880.417,0.037582,37.582,,,2.383545,2383.545
dijkstra,442331628,4491200846599,4491643178227,143075107.000,143.075107,0.009,44.00,45.00,44.00,45.00,2.408585,2408.585,1.903046,1903.046,0.037552,37.552,,,2.408585,2408.585
dijkstra,443183708,4491643568295,4492086752003,143348509.000,143.348509,0.010,45.00,44.00,45.00,44.00,2.387405,2387.405,1.882751,1882.751,0.037628,37.628,,,2.387405,2387.405
dijkstra,443281212,4492087099119,4492530380331,143380176.000,143.380176,0.009,44.00,45.00,44.00,45.00,2.389771,2389.771,1.884644,1884.644,0.037598,37.598,,,2.389771,2389.771
dijkstra,442519604,4492530733031,4492973252635,143137693.000,143.137693,0.009,45.00,45.00,45.00,45.00,2.393875,2393.875,1.889481,1889.481,0.037567,37.567,,,2.393875,2393.875
dijkstra,442768644,4492973616499,4493416385143,143214275.000,143.214275,0.009,45.00,45.00,45.00,45.00,2.389709,2389.709,1.884689,1884.689,0.037628,37.628,,,2.389709,2389.709
dijkstra,443428192,4493416737463,4493860165655,143426392.000,143.426392,0.009,45.00,44.00,45.00,44.00,2.389893,2389.893,1.884415,1884.415,0.037643,37.643,,,2.389893,2389.893
dijkstra,442616632,4493860512427,4494303129059,143165001.000,143.165001,0.009,44.00,44.00,44.00,44.00,2.388550,2388.550,1.882828,1882.828,0.037628,37.628,,,2.388550,2388.550
dijkstra,442823324,4494303492251,4494746315575,143233045.000,143.233045,0.010,44.00,44.00,44.00,44.00,2.388870,2388.870,1.883560,1883.560,0.037613,37.613,,,2.388870,2388.870
dijkstra,442443792,4494746672835,4495189116627,143111026.000,143.111026,0.009,44.00,45.00,44.00,45.00,2.395309,2395.309,1.889954,1889.954,0.037643,37.643,,,2.395309,2395.309
dijkstra,442176768,4495189476423,4495631653191,143023652.000,143.023652,0.009,45.00,44.00,45.00,44.00,2.388519,2388.519,1.884109,1884.109,0.037598,37.598,,,2.388519,2388.519
dijkstra,442291080,4495632008787,4496074299867,143061611.000,143.061611,0.009,44.00,45.00,44.00,45.00,2.372665,2372.665,1.871704,1871.704,0.037292,37.292,,,2.372665,2372.665
dijkstra,443572356,4496074656919,4496518229275,143473454.000,143.473454,0.009,45.00,45.00,45.00,45.00,2.406998,2406.998,1.898331,1898.331,0.037872,37.872,,,2.406998,2406.998
dijkstra,444072852,4496518576479,4496962649331,143635496.000,143.635496,0.009,45.00,45.00,45.00,45.00,2.391846,2391.846,1.886810,1886.810,0.037613,37.613,,,2.391846,2391.846
dijkstra,444504736,4496963001531,4497407506267,143774919.000,143.774919,0.009,45.00,45.00,45.00,45.00,2.388733,2388.733,1.883743,1883.743,0.037598,37.598,,,2.388733,2388.733
dijkstra,443438456,4497407855107,4497851293563,143433068.000,143.433068,0.009,45.00,44.00,45.00,44.00,2.416061,2416.061,1.906311,1906.311,0.037872,37.872,,,2.416061,2416.061
dijkstra,443093568,4497851654899,4498294748467,143319584.000,143.319584,0.009,44.00,45.00,44.00,45.00,2.388626,2388.626,1.883789,1883.789,0.037643,37.643,,,2.388626,2388.626
dijkstra,443420172,4498295101579,4498738521751,143429692.000,143.429692,0.009,45.00,45.00,45.00,45.00,2.390137,2390.137,1.884811,1884.811,0.037582,37.582,,,2.390137,2390.137
dijkstra,443611840,4498738886515,4499182498355,143487238.000,143.487238,0.009,45.00,45.00,45.00,45.00,2.393173,2393.173,1.888046,1888.046,0.037628,37.628,,,2.393173,2393.173
dijkstra,443954764,4499182853819,4499626808583,143598731.000,143.598731,0.009,45.00,44.00,45.00,44.00,2.396240,2396.240,1.891022,1891.022,0.037537,37.537,,,2.396240,2396.240
dijkstra,445199736,4499627165307,4500072365043,144002693.000,144.002693,0.009,44.00,44.00,44.00,44.00,2.414642,2414.642,1.905548,1905.548,0.037903,37.903,,,2.414642,2414.642
dijkstra,444104944,4500072727051,4500516831995,143647612.000,143.647612,0.009,44.00,45.00,44.00,45.00,2.390289,2390.289,1.885208,1885.208,0.037552,37.552,,,2.390289,2390.289
dijkstra,444397872,4500517231239,4500961629111,143742751.000,143.742751,0.010,45.00,44.00,45.00,44.00,2.391220,2391.220,1.887222,1887.222,0.037537,37.537,,,2.391220,2391.220
dijkstra,444795956,4500961987503,4501406783459,143869591.000,143.869591,0.009,44.00,45.00,44.00,45.00,2.389984,2389.984,1.885635,1885.635,0.037598,37.598,,,2.389984,2389.984
dijkstra,444341584,4501407133267,4501851474851,143723084.000,143.723084,0.009,45.00,44.00,45.00,44.00,2.388306,2388.306,1.884186,1884.186,0.037598,37.598,,,2.388306,2388.306
dijkstra,442666880,4501851827135,4502294494015,143181741.000,143.181741,0.009,44.00,45.00,44.00,45.00,2.389923,2389.923,1.886612,1886.612,0.037598,37.598,,,2.389923,2389.923
dijkstra,442077836,4502294848871,4502736926707,142990674.000,142.990674,0.009,45.00,45.00,45.00,45.00,2.387253,2387.253,1.884537,1884.537,0.037613,37.613,,,2.387253,2387.253
dijkstra,443717792,4502737276871,4503180994663,143520580.000,143.520580,0.009,45.00,45.00,45.00,45.00,2.387817,2387.817,1.884109,1884.109,0.037598,37.598,,,2.387817,2387.817
dijkstra,443638116,4503181342743,4503624980859,143495953.000,143.495953,0.009,45.00,44.00,45.00,44.00,2.388885,2388.885,1.884613,1884.613,0.037643,37.643,,,2.388885,2388.885
dijkstra,443061624,4503625334147,4504068395771,143309600.000,143.309600,0.009,44.00,45.00,44.00,45.00,2.389725,2389.725,1.885391,1885.391,0.037643,37.643,,,2.389725,2389.725
dijkstra,442737492,4504068750519,4504511488011,143204813.000,143.204813,0.009,45.00,44.00,45.00,44.00,2.398285,2398.285,1.893738,1893.738,0.037582,37.582,,,2.398285,2398.285
dijkstra,443260220,4504511841063,4504955101283,143372317.000,143.372317,0.009,44.00,45.00,44.00,45.00,2.383820,2383.820,1.880463,1880.463,0.037643,37.643,,,2.383820,2383.820
dijkstra,443756020,4504955448831,4505399204851,143534214.000,143.534214,0.009,45.00,44.00,45.00,44.00,2.392990,2392.990,1.889221,1889.221,0.037628,37.628,,,2.392990,2392.990
dijkstra,442418612,4505399559819,4505841978431,143101454.000,143.101454,0.009,44.00,45.00,44.00,45.00,2.386307,2386.307,1.882721,1882.721,0.037613,37.613,,,2.386307,2386.307
dijkstra,443223708,4505842331051,4506285554759,143361535.000,143.361535,0.009,45.00,45.00,45.00,45.00,2.389099,2389.099,1.883972,1883.972,0.037643,37.643,,,2.389099,2389.099
dijkstra,443586848,4506285907827,4506729494675,143479409.000,143.479409,0.009,45.00,44.00,45.00,44.00,2.390396,2390.396,1.885269,1885.269,0.037613,37.613,,,2.390396,2390.396
dijkstra,443517924,4506729847679,4507173365603,143457938.000,143.457938,0.009,44.00,44.00,44.00,44.00,2.389877,2389.877,1.884506,1884.506,0.037567,37.567,,,2.389877,2389.877
dijkstra,443851252,4507173721907,4507617573159,143564974.000,143.564974,0.009,44.00,46.00,44.00,46.00,2.390976,2390.976,1.886124,1886.124,0.037582,37.582,,,2.390976,2390.976
dijkstra,442985668,4507624433109,4508067418777,143306289.000,143.306289,2.091,43.00,45.00,44.00,45.00,2.382446,2382.446,1.878845,1878.845,0.037628,37.628,,,2.382446,2382.446
dijkstra,443059440,4508067777413,4508510836853,143309262.000,143.309262,0.010,45.00,44.00,45.00,44.00,2.389008,2389.008,1.884384,1884.384,0.037567,37.567,,,2.389008,2389.008
dijkstra,443168972,4508511193817,4508954362789,143343929.000,143.343929,0.009,44.00,46.00,44.00,46.00,2.387451,2387.451,1.883591,1883.591,0.037598,37.598,,,2.387451,2387.451
dijkstra,445690740,4508961174324,4509406865064,144162030.000,144.162030,2.097,43.00,45.00,44.00,45.00,2.407700,2407.700,1.899704,1899.704,0.037827,37.827,,,2.407700,2407.700
dijkstra,443924508,4509407238240,4509851162748,143588643.000,143.588643,0.010,45.00,45.00,45.00,45.00,2.412033,2412.033,1.906998,1906.998,0.037476,37.476,,,2.412033,2412.033
fdct,442600524,4509851517956,4510294118480,143162033.000,143.162033,0.009,45.00,45.00,45.00,45.00,2.369064,2369.064,1.869949,1869.949,0.037262,37.262,,,2.369064,2369.064
fdct,442690124,4510294454616,4510737144740,143190004.000,143.190004,0.009,45.00,45.00,45.00,45.00,2.388245,2388.245,1.884872,1884.872,0.037476,37.476,,,2.388245,2388.245
fdct,442609560,4510737476824,4511180086384,143162806.000,143.162806,0.009,45.00,45.00,45.00,45.00,2.383621,2383.621,1.881302,1881.302,0.037491,37.491,,,2.383621,2383.621
fdct,442594400,4511180411712,4511623006112,143158878.000,143.158878,0.009,45.00,44.00,45.00,44.00,2.379517,2379.517,1.877258,1877.258,0.037460,37.460,,,2.379517,2379.517
fdct,442559140,4511623337432,4512065896572,143146277.000,143.146277,0.009,44.00,45.00,44.00,45.00,2.377808,2377.808,1.875076,1875.076,0.037537,37.537,,,2.377808,2377.808
fdct,442598444,4512066233496,4512508831940,143163719.000,143.163719,0.009,45.00,44.00,45.00,44.00,2.367523,2367.523,1.865067,1865.067,0.037582,37.582,,,2.367523,2367.523
fdct,442649656,4512509190268,4512951839924,143175967.000,143.175967,0.010,44.00,44.00,44.00,44.00,2.368088,2368.088,1.865463,1865.463,0.037567,37.567,,,2.368088,2368.088
fdct,442673876,4512952167752,4513394841628,143184290.000,143.184290,0.009,44.00,44.00,44.00,44.00,2.367432,2367.432,1.865265,1865.265,0.037506,37.506,,,2.367432,2367.432
fdct,442556008,4513395169828,4513837725836,143144933.000,143.144933,0.009,44.00,44.00,44.00,44.00,2.350128,2350.128,1.851456,1851.456,0.037201,37.201,,,2.350128,2350.128
fdct,442502860,4513838048588,4514280551448,143127071.000,143.127071,0.009,44.00,44.00,44.00,44.00,2.349136,2349.136,1.850754,1850.754,0.037292,37.292,,,2.349136,2349.136
fdct,442582704,4514280885412,4514723468116,143155115.000,143.155115,0.013,44.00,45.00,44.00,45.00,2.364136,2364.136,1.862167,1862.167,0.037506,37.506,,,2.364136,2364.136
fdct,442598596,4514723799980,4515166398576,143158329.000,143.158329,0.009,45.00,44.00,45.00,44.00,2.365158,2365.158,1.863144,1863.144,0.037552,37.552,,,2.365158,2365.158
fdct,442631604,4515166726824,4515609358428,143169632.000,143.169632,0.009,44.00,45.00,44.00,45.00,2.369217,2369.217,1.867462,1867.462,0.037582,37.582,,,2.369217,2369.217
fdct,442611080,4515609686588,4516052297668,143163242.000,143.163242,0.009,45.00,44.00,45.00,44.00,2.363922,2363.922,1.862030,1862.030,0.037552,37.552,,,2.363922,2363.922
fdct,442705920,4516052626572,4516495332492,143197672.000,143.197672,0.009,44.00,44.00,44.00,44.00,2.363800,2363.800,1.862213,1862.213,0.037506,37.506,,,2.363800,2363.800
fdct,442652528,4516495674976,4516938327504,143177403.000,143.177403,0.009,44.00,44.00,44.00,44.00,2.372925,2372.925,1.869629,1869.629,0.037521,37.521,,,2.372925,2372.925
fdct,442552932,4516938659296,4517381212228,143143029.000,143.143029,0.009,44.00,45.00,44.00,45.00,2.364883,2364.883,1.862839,1862.839,0.037521,37.521,,,2.364883,2364.883
fdct,442609644,4517381536908,4517824146552,143162967.000,143.162967,0.009,45.00,44.00,45.00,44.00,2.353317,2353.317,1.854874,1854.874,0.037247,37.247,,,2.353317,2353.317
fdct,442484656,4517824477480,4518266962136,143122588.000,143.122588,0.009,44.00,44.00,44.00,44.00,2.368210,2368.210,1.866394,1866.394,0.037582,37.582,,,2.368210,2368.210
fdct,442556516,4518267293388,4518709849904,143149648.000,143.149648,0.009,44.00,44.00,44.00,44.00,2.368118,2368.118,1.866074,1866.074,0.037552,37.552,,,2.368118,2368.118
fdct,442753984,4518710193992,4519152947976,143212451.000,143.212451,0.009,44.00,44.00,44.00,44.00,2.366470,2366.470,1.864471,1864.471,0.037476,37.476,,,2.366470,2366.470
fdct,442682916,4519153292272,4519595975188,143188052.000,143.188052,0.009,44.00,44.00,44.00,44.00,2.369720,2369.720,1.867096,1867.096,0.037567,37.567,,,2.369720,2369.720
fdct,442596640,4519596311524,4520038908164,143158930.000,143.158930,0.009,44.00,45.00,44.00,45.00,2.370361,2370.361,1.867920,1867.920,0.037521,37.521,,,2.370361,2370.361
fdct,442542000,4520039238908,4520481780908,143140269.000,143.140269,0.009,45.00,45.00,45.00,45.00,2.366669,2366.669,1.864944,1864.944,0.037552,37.552,,,2.366669,2366.669
fdct,442656652,4520482106980,4520924763632,143178447.000,143.178447,0.009,45.00,45.00,45.00,45.00,2.369507,2369.507,1.867447,1867.447,0.037613,37.613,,,2.369507,2369.507
fdct,442663116,4520925097596,4521367760712,143179644.000,143.179644,0.009,45.00,44.00,45.00,44.00,2.352020,2352.020,1.853790,1853.790,0.037262,37.262,,,2.352020,2352.020
fdct,442671548,4521368089352,4521810760900,143183424.000,143.183424,0.009,44.00,44.00,44.00,44.00,2.350052,2350.052,1.851654,1851.654,0.037292,37.292,,,2.350052,2350.052
fdct,442549604,4521811118336,4522253667940,143143339.000,143.143339,0.010,44.00,45.00,44.00,45.00,2.352478,2352.478,1.854370,1854.370,0.037308,37.308,,,2.352478,2352.478
fdct,442652468,4522253998328,4522696650796,143181079.000,143.181079,0.009,45.00,44.00,45.00,44.00,2.369278,2369.278,1.867416,1867.416,0.037537,37.537,,,2.369278,2369.278
fdct,442650648,4522696998308,4523139648956,143177322.000,143.177322,0.010,44.00,44.00,44.00,44.00,2.371323,2371.323,1.868912,1868.912,0.037567,37.567,,,2.371323,2371.323
fdct,442494160,4523139984172,4523582478332,143125267.000,143.125267,0.009,44.00,45.00,44.00,45.00,2.365982,2365.982,1.864456,1864.456,0.037613,37.613,,,2.365982,2365.982
fdct,442687204,4523582806192,4524025493396,143188635.000,143.188635,0.009,45.00,45.00,45.00,45.00,2.375839,2375.839,1.873596,1873.596,0.037582,37.582,,,2.375839,2375.839
fdct,442618744,4524025827352,4524468446096,143166683.000,143.166683,0.009,45.00,45.00,45.00,45.00,2.379639,2379.639,1.877396,1877.396,0.037521,37.521,,,2.379639,2379.639
fdct,442576616,4524468780796,4524911357412,143153037.000,143.153037,0.009,45.00,44.00,45.00,44.00,2.368393,2368.393,1.866714,1866.714,0.037521,37.521,,,2.368393,2368.393
fdct,442628600,4524911692172,4525354320772,143169609.000,143.169609,0.009,44.00,45.00,44.00,45.00,2.355927,2355.927,1.857040,1857.040,0.037308,37.308,,,2.355927,2355.927
fdct,442604572,4525354651696,4525797256268,143162340.000,143.162340,0.009,45.00,45.00,45.00,45.00,2.352280,2352.280,1.853607,1853.607,0.037216,37.216,,,2.352280,2352.280
fdct,442605212,4525797591088,4526240196300,143161393.000,143.161393,0.009,45.00,45.00,45.00,45.00,2.365692,2365.692,1.863678,1863.678,0.037552,37.552,,,2.365692,2365.692
fdct,442554492,4526240524968,4526683079460,143144280.000,143.144280,0.009,45.00,44.00,45.00,44.00,2.367004,2367.004,1.864548,1864.548,0.037537,37.537,,,2.367004,2367.004
fdct,442582988,4526683406968,4527125989956,143155090.000,143.155090,0.009,44.00,45.00,44.00,45.00,2.366501,2366.501,1.864319,1864.319,0.037567,37.567,,,2.366501,2366.501
fdct,442565296,4527126323224,4527568888520,143148037.000,143.148037,0.009,45.00,45.00,45.00,45.00,2.367050,2367.050,1.865494,1865.494,0.037613,37.613,,,2.367050,2367.050
fdct,442615804,4527569217404,4528011833208,143164676.000,143.164676,0.009,45.00,44.00,45.00,44.00,2.369278,2369.278,1.867722,1867.722,0.037552,37.552,,,2.369278,2369.278
fdct,442584560,4528012162552,4528454747112,143155225.000,143.155225,0.009,45.00,44.00,45.00,44.00,2.367859,2367.859,1.866196,1866.196,0.037643,37.643,,,2.367859,2367.859
fdct,442713356,4528455078660,4528897792016,143197622.000,143.197622,0.009,44.00,45.00,44.00,45.00,2.363937,2363.937,1.862549,1862.549,0.037613,37.613,,,2.363937,2363.937
fdct,442626112,4528898125336,4529340751448,143168447.000,143.168447,0.009,45.00,45.00,45.00,45.00,2.351562,2351.562,1.853958,1853.958,0.037292,37.292,,,2.351562,2351.562
fdct,442592204,4529341082772,4529783674976,143157962.000,143.157962,0.009,45.00,44.00,45.00,44.00,2.357010,2357.010,1.857681,1857.681,0.037231,37.231,,,2.357010,2357.010
fdct,442630776,4529784006540,4530226637316,143168947.000,143.168947,0.009,44.00,44.00,44.00,44.00,2.370926,2370.926,1.869110,1869.110,0.037582,37.582,,,2.370926,2370.926
fdct,442546676,4530226965884,4530669512560,143142373.000,143.142373,0.009,44.00,44.00,44.00,44.00,2.365677,2365.677,1.864014,1864.014,0.037537,37.537,,,2.365677,2365.677
fdct,442570128,4530669843744,4531112413872,143149596.000,143.149596,0.009,44.00,45.00,44.00,45.00,2.366928,2366.928,1.864624,1864.624,0.037491,37.491,,,2.366928,2366.928
fdct,442618896,4531112778692,4531555397588,143170769.000,143.170769,0.010,45.00,44.00,45.00,44.00,2.365265,2365.265,1.863327,1863.327,0.037521,37.521,,,2.365265,2365.265
fdct,442673956,4531555730012,4531998403968,143185237.000,143.185237,0.009,44.00,44.00,44.00,44.00,2.366714,2366.714,1.864700,1864.700,0.037521,37.521,,,2.366714,2366.714
fir,429183724,4531998740184,4532427923908,138821727.000,138.821727,0.009,44.00,44.00,44.00,44.00,2.248413,2248.413,1.763794,1763.794,0.036194,36.194,,,2.248413,2248.413
fir,429166880,4532428245536,4532857412416,138816292.000,138.816292,0.009,44.00,44.00,44.00,44.00,2.264084,2264.084,1.775986,1775.986,0.036453,36.453,,,2.264084,2264.084
fir,429206444,4532857731552,4533286937996,138830171.000,138.830171,0.009,44.00,44.00,44.00,44.00,2.248978,2248.978,1.764282,1764.282,0.036224,36.224,,,2.248978,2248.978
fir,429169892,4533287275292,4533716445184,138818168.000,138.818168,0.010,44.00,45.00,44.00,45.00,2.264511,2264.511,1.776459,1776.459,0.036469,36.469,,,2.264511,2264.511
fir,429202692,4533716766940,4534145969632,138828415.000,138.828415,0.009,45.00,44.00,45.00,44.00,2.251373,2251.373,1.766220,1766.220,0.036255,36.255,,,2.251373,2251.373
fir,429215024,4534146291040,4534575506064,138831427.000,138.831427,0.009,44.00,44.00,44.00,44.00,2.250870,2250.870,1.765686,1765.686,0.036209,36.209,,,2.250870,2250.870
fir,429218852,4534575824860,4535005043712,138834423.000,138.834423,0.009,44.00,44.00,44.00,44.00,2.269241,2269.241,1.780304,1780.304,0.036484,36.484,,,2.269241,2269.241
fir,429176556,4535005367108,4535434543664,138819700.000,138.819700,0.009,44.00,45.00,44.00,45.00,2.249344,2249.344,1.764191,1764.191,0.036255,36.255,,,2.249344,2249.344
fir,429235244,4535434864328,4535864099572,138839787.000,138.839787,0.009,45.00,45.00,45.00,45.00,2.274338,2274.338,1.784531,1784.531,0.036484,36.484,,,2.274338,2274.338
fir,429203968,4535864423068,4536293627036,138829393.000,138.829393,0.009,44.00,44.00,44.00,44.00,2.254929,2254.929,1.769531,1769.531,0.036316,36.316,,,2.254929,2254.929
fir,429150032,4536293953156,4536723103188,138811360.000,138.811360,0.009,44.00,44.00,44.00,44.00,2.279160,2279.160,1.791107,1791.107,0.036423,36.423,,,2.279160,2279.160
fir,429184212,4536723442424,4537152626636,138826942.000,138.826942,0.009,44.00,44.00,44.00,44.00,2.249695,2249.695,1.765213,1765.213,0.036240,36.240,,,2.249695,2249.695
fir,429197712,4537152953776,4537582151488,138827258.000,138.827258,0.009,44.00,44.00,44.00,44.00,2.265015,2265.015,1.777100,1777.100,0.036453,36.453,,,2.265015,2265.015
fir,429201808,4537582478496,4538011680304,138827241.000,138.827241,0.009,44.00,45.00,44.00,45.00,2.250885,2250.885,1.765839,1765.839,0.036209,36.209,,,2.250885,2250.885
fir,429242960,4538012003536,4538441246496,138842324.000,138.842324,0.009,45.00,44.00,45.00,44.00,2.250610,2250.610,1.765427,1765.427,0.036255,36.255,,,2.250610,2250.610
fir,429211532,4538441575408,4538870786940,138830560.000,138.830560,0.009,44.00,44.00,44.00,44.00,2.269363,2269.363,1.780579,1780.579,0.036469,36.469,,,2.269363,2269.363
fir,429214368,4538871109772,4539300324140,138832606.000,138.832606,0.009,44.00,45.00,44.00,45.00,2.247238,2247.238,1.762878,1762.878,0.036285,36.285,,,2.247238,2247.238
fir,429225132,4539300653304,4539729878436,138836356.000,138.836356,0.009,45.00,45.00,45.00,45.00,2.263107,2263.107,1.775101,1775.101,0.036484,36.484,,,2.263107,2263.107
fir,429170736,4539730206620,4540159377356,138817486.000,138.817486,0.009,44.00,44.00,44.00,44.00,2.250458,2250.458,1.766220,1766.220,0.036224,36.224,,,2.250458,2250.458
fir,429187312,4540159738744,4540588926056,138827802.000,138.827802,0.010,44.00,44.00,44.00,44.00,2.264252,2264.252,1.776581,1776.581,0.036453,36.453,,,2.264252,2264.252
fir,429264996,4540589253180,4541018518176,138849301.000,138.849301,0.009,44.00,45.00,44.00,45.00,2.246078,2246.078,1.761444,1761.444,0.036209,36.209,,,2.246078,2246.078
fir,429256264,4541018847040,4541448103304,138846843.000,138.846843,0.009,45.00,45.00,45.00,45.00,2.250610,2250.610,1.766037,1766.037,0.036209,36.209,,,2.250610,2250.610
fir,429185720,4541448434172,4541877619892,138822993.000,138.822993,0.009,45.00,44.00,45.00,44.00,2.263992,2263.992,1.775757,1775.757,0.036469,36.469,,,2.263992,2263.992
fir,429280348,4541877948108,4542307228456,138854632.000,138.854632,0.009,44.00,44.00,44.00,44.00,2.273788,2273.788,1.787872,1787.872,0.036240,36.240,,,2.273788,2273.788
fir,429234932,4542307557716,4542736792648,138838847.000,138.838847,0.009,44.00,44.00,44.00,44.00,2.265884,2265.884,1.777573,1777.573,0.036484,36.484,,,2.265884,2265.884
fir,429201576,4542737118840,4543166320416,138827842.000,138.827842,0.009,44.00,45.00,44.00,45.00,2.249649,2249.649,1.765152,1765.152,0.036194,36.194,,,2.249649,2249.649
fir,429180740,4543166648092,4543595828832,138820609.000,138.820609,0.009,45.00,44.00,45.00,44.00,2.264282,2264.282,1.776062,1776.062,0.036514,36.514,,,2.264282,2264.282
fir,429203116,4543596165988,4544025369104,138828918.000,138.828918,0.010,44.00,45.00,44.00,45.00,2.249847,2249.847,1.764923,1764.923,0.036255,36.255,,,2.249847,2249.847
fir,429292720,4544025696224,4544454988944,138858268.000,138.858268,0.009,45.00,44.00,45.00,44.00,2.268158,2268.158,1.779739,1779.739,0.036270,36.270,,,2.268158,2268.158
fir,429219408,4544455319896,4544884539304,138834728.000,138.834728,0.009,44.00,44.00,44.00,44.00,2.266220,2266.220,1.777847,1777.847,0.036530,36.530,,,2.266220,2266.220
fir,429197820,4544884868700,4545314066520,138827626.000,138.827626,0.009,44.00,45.00,44.00,45.00,2.250427,2250.427,1.765457,1765.457,0.036270,36.270,,,2.250427,2250.427
fir,429190748,4545314395060,4545743585808,138824051.000,138.824051,0.009,45.00,45.00,45.00,45.00,2.267471,2267.471,1.778809,1778.809,0.036514,36.514,,,2.267471,2267.471
fir,429200144,4545743909692,4546173109836,138827936.000,138.827936,0.009,45.00,44.00,45.00,44.00,2.249832,2249.832,1.765076,1765.076,0.036194,36.194,,,2.249832,2249.832
fir,429212540,4546173436412,4546602648952,138831911.000,138.831911,0.009,44.00,45.00,44.00,45.00,2.269379,2269.379,1.781693,1781.693,0.036545,36.545,,,2.269379,2269.379
fir,429202452,4546602976436,4547032178888,138831739.000,138.831739,0.009,45.00,45.00,45.00,45.00,2.251617,2251.617,1.767044,1767.044,0.036224,36.224,,,2.251617,2251.617
fir,429217832,4547032515792,4547461733624,138834520.000,138.834520,0.009,45.00,45.00,45.00,45.00,2.266418,2266.418,1.778244,1778.244,0.036530,36.530,,,2.266418,2266.418
fir,429210588,4547462065232,4547891275820,138831316.000,138.831316,0.009,45.00,45.00,45.00,45.00,2.249985,2249.985,1.765411,1765.411,0.036255,36.255,,,2.249985,2249.985
fir,429185552,4547891601680,4548320787232,138822873.000,138.822873,0.009,45.00,44.00,45.00,44.00,2.252228,2252.228,1.767288,1767.288,0.036270,36.270,,,2.252228,2252.228
fir,429254704,4548321113484,4548750368188,138846286.000,138.846286,0.009,44.00,45.00,44.00,45.00,2.278595,2278.595,1.789490,1789.490,0.036484,36.484,,,2.278595,2278.595
fir,429173860,4548750697512,4549179871372,138818569.000,138.818569,0.009,45.00,44.00,45.00,44.00,2.267090,2267.090,1.782166,1782.166,0.036133,36.133,,,2.267090,2267.090
fir,429212348,4549180219488,4549609431836,138832491.000,138.832491,0.010,44.00,44.00,44.00,44.00,2.267319,2267.319,1.779526,1779.526,0.036560,36.560,,,2.267319,2267.319
fir,429198444,4549609761572,4550038960016,138827593.000,138.827593,0.009,44.00,45.00,44.00,45.00,2.251251,2251.251,1.767014,1767.014,0.036224,36.224,,,2.251251,2251.251
fir,429233356,4550039287964,4550468521320,138843553.000,138.843553,0.009,45.00,45.00,45.00,45.00,2.268478,2268.478,1.780609,1780.609,0.036469,36.469,,,2.268478,2268.478
fir,429169924,4550468864588,4550898034512,138817648.000,138.817648,0.009,45.00,45.00,45.00,45.00,2.250214,2250.214,1.766174,1766.174,0.036270,36.270,,,2.250214,2250.214
fir,429222572,4550898360016,4551327582588,138834631.000,138.834631,0.009,45.00,44.00,45.00,44.00,2.265488,2265.488,1.777710,1777.710,0.036499,36.499,,,2.265488,2265.488
fir,429210924,4551327908308,4551757119232,138832011.000,138.832011,0.009,44.00,44.00,44.00,44.00,2.247635,2247.635,1.775726,1775.726,0.036484,36.484,,,2.247635,2247.635
fir,429194620,4551757450680,4552186645300,138825261.000,138.825261,0.009,44.00,45.00,44.00,45.00,2.248581,2248.581,1.764114,1764.114,0.036224,36.224,,,2.248581,2248.581
fir,429179868,4552186969440,4552616149308,138821328.000,138.821328,0.009,45.00,44.00,45.00,44.00,2.266006,2266.006,1.778168,1778.168,0.036545,36.545,,,2.266006,2266.006
fir,429216588,4552616477656,4553045694244,138832773.000,138.832773,0.009,44.00,45.00,44.00,45.00,2.247299,2247.299,1.763367,1763.367,0.036179,36.179,,,2.247299,2247.299
fir,429215812,4553046018676,4553475234488,138833189.000,138.833189,0.009,45.00,45.00,45.00,45.00,2.267197,2267.197,1.779449,1779.449,0.036499,36.499,,,2.267197,2267.197
matmult-float,493913656,4553475586824,4553969500480,159752254.000,159.752254,0.009,45.00,45.00,45.00,45.00,2.826340,2826.340,2.267563,2267.563,0.041763,41.763,,,2.826340,2826.340
matmult-float,489713428,4553969875532,4554459588960,158397136.000,158.397136,0.009,45.00,45.00,45.00,45.00,2.824097,2824.097,2.268555,2268.555,0.041412,41.412,,,2.824097,2824.097
matmult-float,489804056,4554459943532,4554949747588,158423297.000,158.423297,0.009,45.00,45.00,45.00,45.00,2.838272,2838.272,2.282120,2282.120,0.041443,41.443,,,2.838272,2838.272
matmult-float,489894044,4554950109116,4555440003160,158451576.000,158.451576,0.009,45.00,44.00,45.00,44.00,2.838272,2838.272,2.279312,2279.312,0.041779,41.779,,,2.838272,2838.272
matmult-float,489776572,4555440358908,4555930135480,158413295.000,158.413295,0.009,44.00,44.00,44.00,44.00,2.820374,2820.374,2.264862,2264.862,0.041550,41.550,,,2.820374,2820.374
matmult-float,489741916,4555930493040,4556420234956,158402473.000,158.402473,0.009,44.00,45.00,44.00,45.00,2.818054,2818.054,2.262192,2262.192,0.041565,41.565,,,2.818054,2818.054
matmult-float,493445684,4556427144989,4556920590673,159603172.000,159.603172,2.126,44.00,45.00,44.00,45.00,2.829208,2829.208,2.269821,2269.821,0.041748,41.748,,,2.829208,2829.208
matmult-float,489737952,4556921013549,4557410751501,158400417.000,158.400417,0.010,45.00,44.00,45.00,44.00,2.841339,2841.339,2.285721,2285.721,0.041382,41.382,,,2.841339,2841.339
matmult-float,489968608,4557411107653,4557901076261,158474801.000,158.474801,0.009,44.00,45.00,44.00,45.00,2.825424,2825.424,2.270157,2270.157,0.041458,41.458,,,2.825424,2825.424
matmult-float,489791632,4557901431845,4558391223477,158416578.000,158.416578,0.009,45.00,45.00,45.00,45.00,2.816360,2816.360,2.260910,2260.910,0.041458,41.458,,,2.816360,2816.360
matmult-float,489804904,4558391574157,4558881379061,158426189.000,158.426189,0.009,45.00,45.00,45.00,45.00,2.822815,2822.815,2.265610,2265.610,0.041489,41.489,,,2.822815,2822.815
matmult-float,489983332,4558881746217,4559371729549,158478916.000,158.478916,0.009,45.00,45.00,45.00,45.00,2.825806,2825.806,2.269684,2269.684,0.041412,41.412,,,2.825806,2825.806
matmult-float,491546532,4559372081417,4559863627949,158984856.000,158.984856,0.009,45.00,45.00,45.00,45.00,2.832733,2832.733,2.272659,2272.659,0.041687,41.687,,,2.832733,2832.733
matmult-float,489907092,4559863983601,4560353890693,158455061.000,158.455061,0.009,45.00,45.00,45.00,45.00,2.817657,2817.657,2.261581,2261.581,0.041504,41.504,,,2.817657,2817.657
matmult-float,489719292,4560354244273,4560843963565,158393830.000,158.393830,0.009,45.00,45.00,45.00,45.00,2.826614,2826.614,2.270248,2270.248,0.041412,41.412,,,2.826614,2826.614
matmult-float,493908372,4560844314833,4561338223205,159750142.000,159.750142,0.009,45.00,45.00,45.00,45.00,2.853851,2853.851,2.292892,2292.892,0.041687,41.687,,,2.853851,2853.851
matmult-float,489751564,4561338582949,4561828334513,158403599.000,158.403599,0.009,45.00,45.00,45.00,45.00,2.824509,2824.509,2.267624,2267.624,0.041351,41.351,,,2.824509,2824.509
matmult-float,489913520,4561828685649,4562318599169,158457742.000,158.457742,0.009,45.00,45.00,45.00,45.00,2.816956,2816.956,2.260086,2260.086,0.041443,41.443,,,2.816956,2816.956
matmult-float,490161036,4562318956525,4562809117561,158537750.000,158.537750,0.009,45.00,45.00,45.00,45.00,2.825546,2825.546,2.268845,2268.845,0.041534,41.534,,,2.825546,2825.546
matmult-float,489926792,4562809472765,4563299399557,158461250.000,158.461250,0.009,45.00,45.00,45.00,45.00,2.818497,2818.497,2.261810,2261.810,0.041458,41.458,,,2.818497,2818.497
matmult-float,489888768,4563299752069,4563789640837,158449402.000,158.449402,0.009,45.00,45.00,45.00,45.00,2.822449,2822.449,2.265427,2265.427,0.041489,41.489,,,2.822449,2822.449
matmult-float,489872636,4563790008809,4564279881445,158447667.000,158.447667,0.009,45.00,45.00,45.00,45.00,2.816788,2816.788,2.260147,2260.147,0.041489,41.489,,,2.816788,2816.788
matmult-float,489816216,4564280237005,4564770053221,158424468.000,158.424468,0.009,45.00,46.00,45.00,46.00,2.828293,2828.293,2.271103,2271.103,0.041489,41.489,,,2.828293,2828.293
matmult-float,491909736,4564776962313,4565268872049,159105109.000,159.105109,2.129,44.00,45.00,44.00,45.00,2.839172,2839.172,2.277847,2277.847,0.041748,41.748,,,2.839172,2839.172
matmult-float,489930312,4565269246405,4565759176717,158463580.000,158.463580,0.010,45.00,45.00,45.00,45.00,2.820969,2820.969,2.264114,2264.114,0.041397,41.397,,,2.820969,2820.969
matmult-float,492918332,4565759537289,4566252455621,159429915.000,159.429915,0.009,45.00,45.00,45.00,45.00,2.841370,2841.370,2.280930,2280.930,0.041718,41.718,,,2.841370,2841.370
matmult-float,489758976,4566252817141,4566742576117,158407206.000,158.407206,0.009,45.00,45.00,45.00,45.00,2.826767,2826.767,2.269424,2269.424,0.041458,41.458,,,2.826767,2826.767
matmult-float,489919668,4566742932909,4567232852577,158459802.000,158.459802,0.009,45.00,45.00,45.00,45.00,2.828232,2828.232,2.270554,2270.554,0.041473,41.473,,,2.828232,2828.232
matmult-float,489953904,4567233207009,4567723160913,158471075.000,158.471075,0.009,45.00,45.00,45.00,45.00,2.839157,2839.157,2.280182,2280.182,0.041519,41.519,,,2.839157,2839.157
matmult-float,489907104,4567723519937,4568213427041,158453953.000,158.453953,0.009,45.00,45.00,45.00,45.00,2.824326,2824.326,2.267075,2267.075,0.041458,41.458,,,2.824326,2824.326
matmult-float,489900576,4568213777413,4568703677989,158452785.000,158.452785,0.009,45.00,46.00,45.00,46.00,2.829498,2829.498,2.271667,2271.667,0.041397,41.397,,,2.829498,2829.498
matmult-float,493040380,4568710591721,4569203632101,159472102.000,159.472102,2.128,44.00,45.00,44.00,45.00,2.831680,2831.680,2.271683,2271.683,0.041672,41.672,,,2.831680,2831.680
matmult-float,489926508,4569204006777,4569693933285,158460954.000,158.460954,0.009,45.00,45.00,45.00,45.00,2.819504,2819.504,2.263077,2263.077,0.041428,41.428,,,2.819504,2819.504
matmult-float,489851780,4569694290721,4570184142501,158437271.000,158.437271,0.009,45.00,45.00,45.00,45.00,2.823120,2823.120,2.266434,2266.434,0.041428,41.428,,,2.823120,2823.120
matmult-float,489806600,4570184497857,4570674304457,158421441.000,158.421441,0.009,45.00,45.00,45.00,45.00,2.821625,2821.625,2.264816,2264.816,0.041489,41.489,,,2.821625,2821.625
matmult-float,489870592,4570674654101,4571164524693,158442725.000,158.442725,0.009,45.00,45.00,45.00,45.00,2.818924,2818.924,2.263092,2263.092,0.041473,41.473,,,2.818924,2818.924
matmult-float,489855168,4571164878025,4571654733193,158437877.000,158.437877,0.009,45.00,45.00,45.00,45.00,2.823090,2823.090,2.266479,2266.479,0.041443,41.443,,,2.823090,2823.090
matmult-float,490862096,4571655087333,4572145949429,158764828.000,158.764828,0.009,45.00,45.00,45.00,45.00,2.961823,2961.823,2.400986,2400.986,0.041611,41.611,,,2.961823,2961.823
matmult-float,489801952,4572146307945,4572636109897,158420821.000,158.420821,0.009,45.00,45.00,45.00,45.00,2.845871,2845.871,2.288651,2288.651,0.041367,41.367,,,2.845871,2845.871
matmult-float,489815464,4572636462601,4573126278065,158424119.000,158.424119,0.009,45.00,46.00,45.00,46.00,2.838409,2838.409,2.281464,2281.464,0.041428,41.428,,,2.838409,2838.409
matmult-float,491894536,4573133185369,4573625079905,159100583.000,159.100583,2.128,43.00,45.00,45.00,45.00,2.872910,2872.910,2.311890,2311.890,0.041702,41.702,,,2.872910,2872.910
matmult-float,490175480,4573625452217,4574115627697,158542448.000,158.542448,0.010,45.00,45.00,45.00,45.00,2.842560,2842.560,2.283951,2283.951,0.041458,41.458,,,2.842560,2842.560
matmult-float,489857744,4574115986529,4574605844273,158438729.000,158.438729,0.009,45.00,45.00,45.00,45.00,2.842133,2842.133,2.284744,2284.744,0.041382,41.382,,,2.842133,2842.133
matmult-float,489903272,4574606214317,4575096117589,158458247.000,158.458247,0.009,45.00,45.00,45.00,45.00,2.834320,2834.320,2.278183,2278.183,0.041397,41.397,,,2.834320,2834.320
matmult-float,493696312,4575096474133,4575590170445,159681926.000,159.681926,0.009,45.00,45.00,45.00,45.00,2.868774,2868.774,2.304611,2304.611,0.041855,41.855,,,2.868774,2868.774
matmult-float,489811848,4575590533425,4576080345273,158423684.000,158.423684,0.009,45.00,44.00,45.00,44.00,2.843460,2843.460,2.285797,2285.797,0.041428,41.428,,,2.843460,2843.460
matmult-float,489985456,4576080696465,4576570681921,158480298.000,158.480298,0.009,45.00,45.00,45.00,45.00,2.838150,2838.150,2.281006,2281.006,0.041428,41.428,,,2.838150,2838.150
matmult-float,489843040,4576571035469,4577060878509,158433608.000,158.433608,0.009,45.00,45.00,45.00,45.00,2.840027,2840.027,2.283112,2283.112,0.041367,41.367,,,2.840027,2840.027
matmult-float,493816880,4577061228213,4577555045093,159717325.000,159.717325,0.009,45.00,45.00,45.00,45.00,2.852844,2852.844,2.291687,2291.687,0.041611,41.611,,,2.852844,2852.844
matmult-float,489944688,4577555393645,4578045338333,158466966.000,158.466966,0.009,45.00,45.00,45.00,45.00,2.857666,2857.666,2.296234,2296.234,0.041275,41.275,,,2.857666,2857.666
matmult-int,474803144,4578045733157,4578520536301,153573773.000,153.573773,0.010,45.00,46.00,45.00,46.00,2.641129,2641.129,2.100708,2100.708,0.040100,40.100,,,2.641129,2641.129
matmult-int,466258444,4578527472136,4578993730580,150811579.000,150.811579,2.128,44.00,45.00,44.00,45.00,2.579178,2579.178,2.049683,2049.683,0.039261,39.261,,,2.579178,2579.178
matmult-int,465817752,4578994118820,4579459936572,150668384.000,150.668384,0.010,45.00,45.00,45.00,45.00,2.590836,2590.836,2.061646,2061.646,0.039291,39.291,,,2.590836,2590.836
matmult-int,465771740,4579460314252,4579926085992,150652794.000,150.652794,0.010,45.00,44.00,45.00,44.00,2.588440,2588.440,2.058746,2058.746,0.039291,39.291,,,2.588440,2588.440
matmult-int,465668452,4579926500808,4580392169260,150619116.000,150.619116,0.010,44.00,45.00,44.00,45.00,2.615356,2615.356,2.081970,2081.970,0.039551,39.551,,,2.615356,2615.356
matmult-int,465935220,4580392542800,4580858478020,150704247.000,150.704247,0.009,45.00,45.00,45.00,45.00,2.587296,2587.296,2.057953,2057.953,0.039230,39.230,,,2.587296,2587.296
matmult-int,466191056,4580858849936,4581325040992,150789022.000,150.789022,0.009,45.00,45.00,45.00,45.00,2.609085,2609.085,2.075439,2075.439,0.039520,39.520,,,2.609085,2609.085
matmult-int,465455216,4581325419388,4581790874604,150549611.000,150.549611,0.009,45.00,45.00,45.00,45.00,2.588867,2588.867,2.059067,2059.067,0.039246,39.246,,,2.588867,2588.867
matmult-int,465456940,4581791259916,4582256716856,150550325.000,150.550325,0.010,45.00,45.00,45.00,45.00,2.586746,2586.746,2.056381,2056.381,0.039337,39.337,,,2.586746,2586.746
matmult-int,465685272,4582257090108,4582722775380,150624747.000,150.624747,0.009,45.00,44.00,45.00,44.00,2.590225,2590.225,2.060165,2060.165,0.039291,39.291,,,2.590225,2590.225
matmult-int,465623516,4582723148656,4583188772172,150603513.000,150.603513,0.009,44.00,46.00,44.00,46.00,2.587036,2587.036,2.057785,2057.785,0.039307,39.307,,,2.587036,2587.036
matmult-int,465808584,4583195626721,4583661435305,150666017.000,150.666017,2.103,44.00,46.00,45.00,46.00,2.567917,2567.917,2.038986,2038.986,0.039398,39.398,,,2.567917,2567.917
matmult-int,466276436,4583668385537,4584134661973,150817745.000,150.817745,2.128,44.00,45.00,45.00,45.00,2.580719,2580.719,2.047806,2047.806,0.039597,39.597,,,2.580719,2580.719
matmult-int,465828972,4584135056425,4584600885397,150671991.000,150.671991,0.010,45.00,45.00,45.00,45.00,2.570831,2570.831,2.041916,2041.916,0.039337,39.337,,,2.570831,2570.831
matmult-int,465862124,4584601268353,4585067130477,150680563.000,150.680563,0.009,45.00,45.00,45.00,45.00,2.587662,2587.662,2.054550,2054.550,0.039566,39.566,,,2.587662,2587.662
matmult-int,465886640,4585067506001,4585533392641,150688570.000,150.688570,0.009,45.00,46.00,45.00,46.00,2.576538,2576.538,2.047058,2047.058,0.039398,39.398,,,2.576538,2576.538
matmult-int,466104672,4585540317633,4586006422305,150762369.000,150.762369,2.114,44.00,45.00,45.00,45.00,2.591309,2591.309,2.058304,2058.304,0.039566,39.566,,,2.591309,2591.309
matmult-int,465575900,4586006831861,4586472407761,150593951.000,150.593951,0.010,45.00,45.00,45.00,45.00,2.581543,2581.543,2.051010,2051.010,0.039429,39.429,,,2.581543,2581.543
matmult-int,465841516,4586472789001,4586938630517,150673439.000,150.673439,0.009,45.00,46.00,45.00,46.00,2.572311,2572.311,2.042206,2042.206,0.039429,39.429,,,2.572311,2572.311
matmult-int,465893412,4586945560681,4587411454093,150694452.000,150.694452,2.127,44.00,45.00,45.00,45.00,2.570801,2570.801,2.041061,2041.061,0.039368,39.368,,,2.570801,2570.801
matmult-int,466278660,4587411850341,4587878129001,150818172.000,150.818172,0.010,45.00,46.00,45.00,46.00,2.575104,2575.104,2.044922,2044.922,0.039429,39.429,,,2.575104,2575.104
matmult-int,465886696,4587885056813,4588350943509,150691031.000,150.691031,2.114,44.00,45.00,45.00,45.00,2.571213,2571.213,2.041046,2041.046,0.039429,39.429,,,2.571213,2571.213
matmult-int,465372712,4588351385957,4588816758669,150531521.000,150.531521,0.010,45.00,45.00,45.00,45.00,2.574615,2574.615,2.044464,2044.464,0.039337,39.337,,,2.574615,2574.615
matmult-int,465583948,4588817149437,4589282733385,150589902.000,150.589902,0.010,45.00,45.00,45.00,45.00,2.588791,2588.791,2.055466,2055.466,0.039627,39.627,,,2.588791,2588.791
matmult-int,465645752,4589283105097,4589748750849,150609648.000,150.609648,0.009,45.00,45.00,45.00,45.00,2.571960,2571.960,2.041901,2041.901,0.039413,39.413,,,2.571960,2571.960
matmult-int,465257040,4589749122245,4590214379285,150485127.000,150.485127,0.009,45.00,45.00,45.00,45.00,2.570465,2570.465,2.040787,2040.787,0.039322,39.322,,,2.570465,2570.465
matmult-int,465960548,4590214754169,4590680714717,150713867.000,150.713867,0.009,45.00,45.00,45.00,45.00,2.588776,2588.776,2.055679,2055.679,0.039612,39.612,,,2.588776,2588.776
matmult-int,465431964,4590681097877,4591146529841,150541466.000,150.541466,0.009,45.00,46.00,45.00,46.00,2.569016,2569.016,2.039566,2039.566,0.039368,39.368,,,2.569016,2569.016
matmult-int,465622444,4591153465541,4591619087985,150606228.000,150.606228,2.128,43.00,45.00,44.00,45.00,2.566025,2566.025,2.036209,2036.209,0.039383,39.383,,,2.566025,2566.025
matmult-int,466020260,4591619479233,4592085499493,150733679.000,150.733679,0.010,45.00,45.00,45.00,45.00,2.594696,2594.696,2.061966,2061.966,0.039581,39.581,,,2.594696,2594.696
matmult-int,465479260,4592085883529,4592551362789,150557963.000,150.557963,0.009,45.00,44.00,45.00,44.00,2.567032,2567.032,2.037430,2037.430,0.039429,39.429,,,2.567032,2567.032
matmult-int,466195192,4592551754837,4593017950029,150789299.000,150.789299,0.010,44.00,45.00,44.00,45.00,2.579132,2579.132,2.048737,2048.737,0.039368,39.368,,,2.579132,2579.132
matmult-int,465500040,4593018330253,4593483830293,150565075.000,150.565075,0.009,45.00,45.00,45.00,45.00,2.572205,2572.205,2.042694,2042.694,0.039352,39.352,,,2.572205,2572.205
matmult-int,466152440,4593484209873,4593950362313,150776740.000,150.776740,0.009,45.00,45.00,45.00,45.00,2.572601,2572.601,2.042862,2042.862,0.039429,39.429,,,2.572601,2572.601
matmult-int,466039676,4593950746249,4594416785925,150738092.000,150.738092,0.009,45.00,45.00,45.00,45.00,2.585617,2585.617,2.052963,2052.963,0.039627,39.627,,,2.585617,2585.617
matmult-int,465420052,4594417159453,4594882579505,150538572.000,150.538572,0.009,45.00,46.00,45.00,46.00,2.574738,2574.738,2.044937,2044.937,0.039413,39.413,,,2.574738,2574.738
matmult-int,466090236,4594889513905,4595355604141,150756986.000,150.756986,2.128,44.00,45.00,45.00,45.00,2.581070,2581.070,2.047623,2047.623,0.039612,39.612,,,2.581070,2581.070
matmult-int,465837284,4595355995437,4595821832721,150674564.000,150.674564,0.010,45.00,46.00,45.00,46.00,2.574600,2574.600,2.044693,2044.693,0.039398,39.398,,,2.574600,2574.600
matmult-int,466457104,4595828774245,4596295231349,150875723.000,150.875723,2.129,44.00,46.00,45.00,46.00,2.582657,2582.657,2.049362,2049.362,0.039673,39.673,,,2.582657,2582.657
matmult-int,466547148,4596302179845,4596768726993,150905827.000,150.905827,2.129,44.00,45.00,44.00,45.00,2.568390,2568.390,2.038666,2038.666,0.039337,39.337,,,2.568390,2568.390
matmult-int,465707192,4596769153189,4597234860381,150633164.000,150.633164,0.010,45.00,45.00,45.00,45.00,2.590027,2590.027,2.043610,2043.610,0.039398,39.398,,,2.590027,2590.027
matmult-int,466475596,4597235247213,4597701722809,150879200.000,150.879200,0.009,45.00,46.00,45.00,46.00,2.571411,2571.411,2.041656,2041.656,0.039459,39.459,,,2.571411,2571.411
matmult-int,465967016,4597708664245,4598174631261,150718582.000,150.718582,2.127,44.00,46.00,45.00,46.00,2.576370,2576.370,2.047180,2047.180,0.039383,39.383,,,2.576370,2576.370
matmult-int,466221760,4598181569245,4598647791005,150801404.000,150.801404,2.114,44.00,45.00,45.00,45.00,2.594376,2594.376,2.060532,2060.532,0.039566,39.566,,,2.594376,2594.376
matmult-int,466034220,4598648191045,4599114225265,150737124.000,150.737124,0.010,45.00,46.00,45.00,46.00,2.579544,2579.544,2.049377,2049.377,0.039444,39.444,,,2.579544,2579.544
matmult-int,466487596,4599121182237,4599587669833,150886843.000,150.886843,2.134,44.00,46.00,44.00,46.00,2.584442,2584.442,2.050720,2050.720,0.039642,39.642,,,2.584442,2584.442
matmult-int,465575584,4599588074253,4600053649837,150593355.000,150.593355,0.009,45.00,45.00,45.00,45.00,2.575027,2575.027,2.044998,2044.998,0.039474,39.474,,,2.575027,2575.027
matmult-int,465529020,4600054031933,4600519560953,150573554.000,150.573554,0.009,45.00,45.00,45.00,45.00,2.574554,2574.554,2.045547,2045.547,0.039337,39.337,,,2.574554,2574.554
matmult-int,465877496,4600519939681,4600985817177,150685889.000,150.685889,0.009,45.00,45.00,45.00,45.00,2.588745,2588.745,2.055283,2055.283,0.039673,39.673,,,2.588745,2588.745
matmult-int,465917748,4600986207097,4601452124845,150699815.000,150.699815,0.013,45.00,45.00,45.00,45.00,2.572571,2572.571,2.042450,2042.450,0.039398,39.398,,,2.572571,2572.571
nettle-sha256,496810584,4601452494009,4601949304593,160686237.000,160.686237,0.009,45.00,46.00,45.00,46.00,2.997986,2997.986,2.428757,2428.757,0.042236,42.236,,,2.997986,2997.986
nettle-sha256,496796836,4601956214413,4602453011249,160684888.000,160.684888,2.128,44.00,45.00,45.00,45.00,2.975372,2975.372,2.410110,2410.110,0.041977,41.977,,,2.975372,2975.372
nettle-sha256,496814320,4602453381585,4602950195905,160690048.000,160.690048,0.010,45.00,46.00,45.00,46.00,2.983643,2983.643,2.417648,2417.648,0.042084,42.084,,,2.983643,2983.643
nettle-sha256,496904368,4602957099421,4603454003789,160729929.000,160.729929,2.114,44.00,45.00,45.00,45.00,2.979630,2979.630,2.413727,2413.727,0.042084,42.084,,,2.979630,2979.630
nettle-sha256,496728724,4603454394697,4603951123421,160660015.000,160.660015,0.014,45.00,46.00,45.00,46.00,2.977966,2977.966,2.412476,2412.476,0.042023,42.023,,,2.977966,2977.966
nettle-sha256,496848172,4603958036157,4604454884329,160702100.000,160.702100,2.128,44.00,45.00,44.00,45.00,2.996857,2996.857,2.427750,2427.750,0.042267,42.267,,,2.996857,2996.857
nettle-sha256,496725508,4604455256261,4604951981769,160659549.000,160.659549,0.009,45.00,45.00,45.00,45.00,2.980164,2980.164,2.415634,2415.634,0.042007,42.007,,,2.980164,2980.164
nettle-sha256,496743704,4604952338697,4605449082401,160674384.000,160.674384,0.009,45.00,45.00,45.00,45.00,3.004761,3004.761,2.435791,2435.791,0.042358,42.358,,,3.004761,3004.761
nettle-sha256,496809168,4605449521157,4605946330325,160687773.000,160.687773,0.010,45.00,45.00,45.00,45.00,2.983063,2983.063,2.417206,2417.206,0.042084,42.084,,,2.983063,2983.063
nettle-sha256,496904152,4605946691317,4606443595469,160719264.000,160.719264,0.009,45.00,46.00,45.00,46.00,2.983673,2983.673,2.418289,2418.289,0.042053,42.053,,,2.983673,2983.673
nettle-sha256,496701220,4606450515897,4606947217117,160653748.000,160.653748,2.128,44.00,46.00,45.00,46.00,2.981384,2981.384,2.416397,2416.397,0.042084,42.084,,,2.981384,2981.384
nettle-sha256,496757152,4606954145949,4607450903101,160673017.000,160.673017,2.128,44.00,46.00,45.00,46.00,2.973572,2973.572,2.408249,2408.249,0.041992,41.992,,,2.973572,2973.572
nettle-sha256,496843476,4607457833089,4607954676565,160699780.000,160.699780,2.127,44.00,45.00,45.00,45.00,2.983948,2983.948,2.414856,2414.856,0.042252,42.252,,,2.983948,2983.948
nettle-sha256,496814416,4607955047313,4608451861729,160689754.000,160.689754,0.010,45.00,45.00,45.00,45.00,2.983322,2983.322,2.417297,2417.297,0.042038,42.038,,,2.983322,2983.322
nettle-sha256,496791564,4608452225069,4608949016633,160681451.000,160.681451,0.010,45.00,46.00,45.00,46.00,2.999771,2999.771,2.430847,2430.847,0.042297,42.297,,,2.999771,2999.771
nettle-sha256,496841548,4608955929977,4609452771525,160700950.000,160.700950,2.128,44.00,46.00,45.00,46.00,2.980911,2980.911,2.415619,2415.619,0.042038,42.038,,,2.980911,2980.911
nettle-sha256,496769852,4609459705781,4609956475633,160676453.000,160.676453,2.128,44.00,45.00,45.00,45.00,2.976715,2976.715,2.411179,2411.179,0.042068,42.068,,,2.976715,2976.715
nettle-sha256,496818452,4609956848293,4610453666745,160694656.000,160.694656,0.010,45.00,46.00,45.00,46.00,2.998230,2998.230,2.433380,2433.380,0.042007,42.007,,,2.998230,2998.230
nettle-sha256,496857980,4610460580733,4610957438713,160713741.000,160.713741,2.114,43.00,46.00,45.00,46.00,2.996735,2996.735,2.432053,2432.053,0.041901,41.901,,,2.996735,2996.735
nettle-sha256,496808572,4610964327201,4611461135773,160688177.000,160.688177,2.115,45.00,46.00,45.00,46.00,2.984131,2984.131,2.418777,2418.777,0.042068,42.068,,,2.984131,2984.131
nettle-sha256,496798920,4611468063677,4611964862597,160686761.000,160.686761,2.128,44.00,46.00,45.00,46.00,2.984299,2984.299,2.417908,2417.908,0.042068,42.068,,,2.984299,2984.299
nettle-sha256,496791936,4611971796957,4612468588893,160684357.000,160.684357,2.129,44.00,46.00,45.00,46.00,2.979935,2979.935,2.414886,2414.886,0.042023,42.023,,,2.979935,2979.935
nettle-sha256,496853524,4612475519877,4612972373401,160703913.000,160.703913,2.128,44.00,45.00,45.00,46.00,2.975677,2975.677,2.410599,2410.599,0.042007,42.007,,,2.975677,2975.677
nettle-sha256,496798524,4612979303525,4613476102049,160686210.000,160.686210,2.128,44.00,45.00,45.00,45.00,2.978027,2978.027,2.413025,2413.025,0.042038,42.038,,,2.978027,2978.027
nettle-sha256,496844256,4613476476837,4613973321093,160700319.000,160.700319,0.010,45.00,45.00,45.00,45.00,2.983292,2983.292,2.418060,2418.060,0.041946,41.946,,,2.983292,2983.292
nettle-sha256,496654396,4613973712885,4614470367281,160637022.000,160.637022,0.010,45.00,45.00,45.00,45.00,2.997009,2997.009,2.428284,2428.284,0.042267,42.267,,,2.997009,2997.009
nettle-sha256,496804928,4614470750817,4614967555745,160685137.000,160.685137,0.010,45.00,45.00,45.00,45.00,2.981339,2981.339,2.416687,2416.687,0.041992,41.992,,,2.981339,2981.339
nettle-sha256,496726472,4614967912989,4615464639461,160661401.000,160.661401,0.009,45.00,45.00,45.00,45.00,2.985153,2985.153,2.420532,2420.532,0.042038,42.038,,,2.985153,2985.153
nettle-sha256,496798368,4615465001889,4615961800257,160683995.000,160.683995,0.009,45.00,45.00,45.00,45.00,3.000687,3000.687,2.432617,2432.617,0.042343,42.343,,,3.000687,3000.687
nettle-sha256,496765540,4615962160173,4616458925713,160672179.000,160.672179,0.009,45.00,46.00,45.00,46.00,2.979492,2979.492,2.414780,2414.780,0.042038,42.038,,,2.979492,2979.492
nettle-sha256,496935148,4616465835457,4616962770605,160730663.000,160.730663,2.128,44.00,46.00,45.00,46.00,2.997574,2997.574,2.429260,2429.260,0.042328,42.328,,,2.997574,2997.574
nettle-sha256,496682060,4616969700405,4617466382465,160647674.000,160.647674,2.128,44.00,46.00,45.00,46.00,2.978104,2978.104,2.412399,2412.399,0.042053,42.053,,,2.978104,2978.104
nettle-sha256,496758336,4617473311649,4617970069985,160673218.000,160.673218,2.128,44.00,45.00,44.00,45.00,2.990540,2990.540,2.421478,2421.478,0.042374,42.374,,,2.990540,2990.540
nettle-sha256,496860984,4617970444817,4618467305801,160705904.000,160.705904,0.010,45.00,46.00,45.00,46.00,2.995285,2995.285,2.427811,2427.811,0.042038,42.038,,,2.995285,2995.285
nettle-sha256,496786260,4618474224917,4618971011177,160690930.000,160.690930,2.117,44.00,45.00,45.00,45.00,2.975525,2975.525,2.409805,2409.805,0.042038,42.038,,,2.975525,2975.525
nettle-sha256,496910792,4618971387245,4619468298037,160720982.000,160.720982,0.010,45.00,45.00,45.00,45.00,2.981354,2981.354,2.416077,2416.077,0.042038,42.038,,,2.981354,2981.354
nettle-sha256,496904612,4619468659069,4619965563681,160718812.000,160.718812,0.010,45.00,46.00,45.00,46.00,2.978745,2978.745,2.414597,2414.597,0.042053,42.053,,,2.978745,2978.745
nettle-sha256,496762564,4619972481853,4620469244417,160673841.000,160.673841,2.128,44.00,45.00,45.00,45.00,2.987823,2987.823,2.420212,2420.212,0.042358,42.358,,,2.987823,2987.823
nettle-sha256,496740948,4620469615605,4620966356553,160665549.000,160.665549,0.010,45.00,45.00,45.00,45.00,2.982208,2982.208,2.417664,2417.664,0.041992,41.992,,,2.982208,2982.208
nettle-sha256,496750880,4620966737461,4621463488341,160673544.000,160.673544,0.010,45.00,46.00,45.00,46.00,2.979797,2979.797,2.414764,2414.764,0.042099,42.099,,,2.979797,2979.797
nettle-sha256,496958688,4621470401252,4621967359940,160738575.000,160.738575,2.128,44.00,46.00,45.00,46.00,2.980164,2980.164,2.415695,2415.695,0.041992,41.992,,,2.980164,2980.164
nettle-sha256,496676408,4621974292861,4622470969269,160646420.000,160.646420,2.128,44.00,45.00,45.00,45.00,2.972458,2972.458,2.408447,2408.447,0.042023,42.023,,,2.972458,2972.458
nettle-sha256,496874312,4622471343933,4622968218245,160708719.000,160.708719,0.010,45.00,46.00,45.00,46.00,2.985123,2985.123,2.420395,2420.395,0.042038,42.038,,,2.985123,2985.123
nettle-sha256,496770956,4622975119005,4623471889961,160685170.000,160.685170,2.114,44.00,46.00,45.00,46.00,2.989990,2989.990,2.425064,2425.064,0.042023,42.023,,,2.989990,2989.990
nettle-sha256,496844704,4623478843204,4623975687908,160708862.000,160.708862,2.115,44.00,45.00,45.00,45.00,2.980240,2980.240,2.416733,2416.733,0.041977,41.977,,,2.980240,2980.240
nettle-sha256,496866540,4623976062388,4624472928928,160707564.000,160.707564,0.010,45.00,46.00,45.00,46.00,2.995590,2995.590,2.429443,2429.443,0.042099,42.099,,,2.995590,2995.590
nettle-sha256,496801996,4624479852297,4624976654293,160688291.000,160.688291,2.128,44.00,46.00,44.00,46.00,3.003998,3003.998,2.435425,2435.425,0.042267,42.267,,,3.003998,3003.998
nettle-sha256,496825552,4624983590237,4625480415789,160695097.000,160.695097,2.128,44.00,46.00,45.00,46.00,2.997772,2997.772,2.433426,2433.426,0.041977,41.977,,,2.997772,2997.772
nettle-sha256,496738000,4625487347421,4625984085421,160666792.000,160.666792,2.128,44.00,46.00,45.00,46.00,3.007004,3007.004,2.438385,2438.385,0.042252,42.252,,,3.007004,3007.004
nettle-sha256,496858188,4625991014353,4626487872541,160706133.000,160.706133,2.127,44.00,46.00,45.00,46.00,3.000000,3000.000,2.435013,2435.013,0.041946,41.946,,,3.000000,3000.000
rijndael,492807960,4626494787917,4626987595877,159404014.000,159.404014,2.114,43.00,45.00,44.00,45.00,2.822479,2822.479,2.261642,2261.642,0.041626,41.626,,,2.822479,2822.479
rijndael,492814092,4626987960713,4627480774805,159396698.000,159.396698,0.010,45.00,45.00,45.00,45.00,2.849945,2849.945,2.285004,2285.004,0.041931,41.931,,,2.849945,2849.945
rijndael,492839372,4627481128457,4627973967829,159405484.000,159.405484,0.009,45.00,45.00,45.00,45.00,2.832947,2832.947,2.272385,2272.385,0.041656,41.656,,,2.832947,2832.947
rijndael,492793700,4627974325305,4628467119005,159392951.000,159.392951,0.009,45.00,45.00,45.00,45.00,2.831421,2831.421,2.270920,2270.920,0.041687,41.687,,,2.831421,2831.421
rijndael,492799676,4628467479153,4628960278829,159390344.000,159.390344,0.009,45.00,45.00,45.00,45.00,2.838852,2838.852,2.278305,2278.305,0.041656,41.656,,,2.838852,2838.852
rijndael,492808076,4628960627161,4629453435237,159393060.000,159.393060,0.009,45.00,45.00,45.00,45.00,2.832794,2832.794,2.271484,2271.484,0.041672,41.672,,,2.832794,2832.794
rijndael,492778900,4629453783573,4629946562473,159383011.000,159.383011,0.009,45.00,45.00,45.00,45.00,2.831116,2831.116,2.270554,2270.554,0.041672,41.672,,,2.831116,2831.116
rijndael,492789988,4629946906365,4630439696353,159387815.000,159.387815,0.009,45.00,44.00,45.00,44.00,2.832565,2832.565,2.271744,2271.744,0.041641,41.641,,,2.832565,2832.565
rijndael,492889000,4630440043449,4630932932449,159420666.000,159.420666,0.009,44.00,45.00,44.00,45.00,2.856461,2856.461,2.294434,2294.434,0.041580,41.580,,,2.856461,2856.461
rijndael,492784740,4630933287625,4631426072365,159386212.000,159.386212,0.009,45.00,45.00,45.00,45.00,2.834717,2834.717,2.274017,2274.017,0.041626,41.626,,,2.834717,2834.717
rijndael,492808916,4631426424425,4631919233341,159394225.000,159.394225,0.009,45.00,44.00,45.00,44.00,2.835022,2835.022,2.273453,2273.453,0.041656,41.656,,,2.835022,2835.022
rijndael,492807964,4631919587197,4632412395161,159393725.000,159.393725,0.009,44.00,45.00,44.00,45.00,2.832245,2832.245,2.269928,2269.928,0.041672,41.672,,,2.832245,2832.245
rijndael,492842812,4632412748217,4632905591029,159404922.000,159.404922,0.009,45.00,45.00,45.00,45.00,2.836090,2836.090,2.273987,2273.987,0.041702,41.702,,,2.836090,2836.090
rijndael,492780788,4632905946221,4633398727009,159383913.000,159.383913,0.009,45.00,45.00,45.00,45.00,2.831589,2831.589,2.269409,2269.409,0.041641,41.641,,,2.831589,2831.589
rijndael,492799244,4633399074605,4633891873849,159389801.000,159.389801,0.009,45.00,45.00,45.00,45.00,2.835342,2835.342,2.273209,2273.209,0.041672,41.672,,,2.835342,2835.342
rijndael,492815232,4633892234941,4634385050173,159399521.000,159.399521,0.009,45.00,45.00,45.00,45.00,2.834930,2834.930,2.272827,2272.827,0.041733,41.733,,,2.834930,2834.930
rijndael,492804288,4634385437005,4634878241293,159392687.000,159.392687,0.010,45.00,45.00,46.00,45.00,2.833282,2833.282,2.271500,2271.500,0.041748,41.748,,,2.833282,2833.282
rijndael,492798056,4634878594813,4635371392869,159390004.000,159.390004,0.009,45.00,45.00,45.00,45.00,2.840469,2840.469,2.278961,2278.961,0.041733,41.733,,,2.840469,2840.469
rijndael,492768188,4635371747057,4635864515245,159380072.000,159.380072,0.009,45.00,46.00,45.00,46.00,2.845871,2845.871,2.285049,2285.049,0.041580,41.580,,,2.845871,2845.871
rijndael,492806548,4635871421996,4636364228544,159394849.000,159.394849,2.128,44.00,45.00,45.00,45.00,2.826187,2826.187,2.265717,2265.717,0.041595,41.595,,,2.826187,2826.187
rijndael,492834712,4636364596692,4636857431404,159403271.000,159.403271,0.010,45.00,45.00,45.00,45.00,2.831268,2831.268,2.270111,2270.111,0.041656,41.656,,,2.831268,2831.268
rijndael,492916540,4636857790908,4637350707448,159430319.000,159.430319,0.009,45.00,45.00,45.00,45.00,2.846451,2846.451,2.283920,2283.920,0.041611,41.611,,,2.846451,2846.451
rijndael,492758620,4637351069496,4637843828116,159376554.000,159.376554,0.009,45.00,45.00,45.00,45.00,2.829819,2829.819,2.268799,2268.799,0.041718,41.718,,,2.829819,2829.819
rijndael,492837888,4637844178328,4638337016216,159403982.000,159.403982,0.009,45.00,45.00,45.00,45.00,2.816864,2816.864,2.259293,2259.293,0.041428,41.428,,,2.816864,2816.864
rijndael,492758524,4638337373200,4638830131724,159376642.000,159.376642,0.009,45.00,44.00,45.00,44.00,2.834381,2834.381,2.273270,2273.270,0.041672,41.672,,,2.834381,2834.381
rijndael,492775900,4638830481768,4639323257668,159382995.000,159.382995,0.009,44.00,45.00,44.00,45.00,2.832977,2832.977,2.271439,2271.439,0.041626,41.626,,,2.832977,2832.977
rijndael,492768460,4639323622644,4639816391104,159380291.000,159.380291,0.010,45.00,45.00,45.00,45.00,2.835098,2835.098,2.272934,2272.934,0.041687,41.687,,,2.835098,2835.098
rijndael,492850596,4639816740884,4640309591480,159408080.000,159.408080,0.009,45.00,46.00,45.00,46.00,2.834061,2834.061,2.272339,2272.339,0.041672,41.672,,,2.834061,2834.061
rijndael,492787692,4640316527181,4640809314873,159387644.000,159.387644,2.135,43.00,44.00,45.00,45.00,2.829025,2829.025,2.267548,2267.548,0.041672,41.672,,,2.829025,2829.025
rijndael,492829836,4640809681253,4641302511089,159401622.000,159.401622,0.010,44.00,45.00,45.00,45.00,2.839508,2839.508,2.278290,2278.290,0.041626,41.626,,,2.839508,2839.508
rijndael,492813868,4641302871653,4641795685521,159395829.000,159.395829,0.009,45.00,45.00,45.00,45.00,2.834564,2834.564,2.273499,2273.499,0.041641,41.641,,,2.834564,2834.564
rijndael,492798456,4641796041369,4642288839825,159390731.000,159.390731,0.009,45.00,45.00,45.00,45.00,2.832184,2832.184,2.271118,2271.118,0.041611,41.611,,,2.832184,2832.184
rijndael,492816856,4642289193225,4642782010081,159396658.000,159.396658,0.009,45.00,45.00,45.00,45.00,2.833450,2833.450,2.272247,2272.247,0.041611,41.611,,,2.833450,2833.450
rijndael,492851532,4642782363437,4643275214969,159408662.000,159.408662,0.009,45.00,45.00,45.00,45.00,2.833755,2833.755,2.272949,2272.949,0.041656,41.656,,,2.833755,2833.755
rijndael,492885008,4643275570533,4643768455541,159418457.000,159.418457,0.009,45.00,45.00,45.00,45.00,2.841187,2841.187,2.279724,2279.724,0.041611,41.611,,,2.841187,2841.187
rijndael,492797112,4643768810105,4644261607217,159390413.000,159.390413,0.009,45.00,46.00,45.00,46.00,2.834778,2834.778,2.273529,2273.529,0.041611,41.611,,,2.834778,2834.778
rijndael,492837332,4644268523225,4644761360557,159405680.000,159.405680,2.128,44.00,45.00,45.00,45.00,2.830688,2830.688,2.268814,2268.814,0.041656,41.656,,,2.830688,2830.688
rijndael,492817792,4644761760121,4645254577913,159397118.000,159.397118,0.010,45.00,45.00,45.00,45.00,2.840073,2840.073,2.277573,2277.573,0.041672,41.672,,,2.840073,2840.073
rijndael,492750632,4645254936261,4645747686893,159373927.000,159.373927,0.009,45.00,45.00,45.00,45.00,2.831345,2831.345,2.269562,2269.562,0.041672,41.672,,,2.831345,2831.345
rijndael,492777736,4645748037285,4646240815021,159382856.000,159.382856,0.009,45.00,45.00,45.00,45.00,2.833130,2833.130,2.271652,2271.652,0.041641,41.641,,,2.833130,2833.130
rijndael,492849404,4646241166069,4646734015473,159407168.000,159.407168,0.009,45.00,45.00,45.00,45.00,2.837280,2837.280,2.275452,2275.452,0.041672,41.672,,,2.837280,2837.280
rijndael,492763548,4646734385901,4647227149449,159379493.000,159.379493,0.010,45.00,45.00,45.00,45.00,2.830414,2830.414,2.269165,2269.165,0.041718,41.718,,,2.830414,2830.414
rijndael,492802204,4647227500745,4647720302949,159391754.000,159.391754,0.009,45.00,45.00,45.00,45.00,2.838257,2838.257,2.276764,2276.764,0.041656,41.656,,,2.838257,2838.257
rijndael,492776568,4647720657469,4648213434037,159382758.000,159.382758,0.009,45.00,45.00,45.00,45.00,2.849426,2849.426,2.287582,2287.582,0.041656,41.656,,,2.849426,2849.426
rijndael,492751428,4648213785269,4648706536697,159374403.000,159.374403,0.009,45.00,45.00,45.00,45.00,2.834396,2834.396,2.272430,2272.430,0.041794,41.794,,,2.834396,2834.396
rijndael,492794584,4648706884625,4649199679209,159388428.000,159.388428,0.009,45.00,45.00,45.00,45.00,2.832123,2832.123,2.269760,2269.760,0.041626,41.626,,,2.832123,2832.123
rijndael,492825580,4649200030617,4649692856197,159399120.000,159.399120,0.009,45.00,45.00,45.00,45.00,2.839218,2839.218,2.277039,2277.039,0.041718,41.718,,,2.839218,2839.218
rijndael,492845092,4649693209473,4650186054565,159406057.000,159.406057,0.009,45.00,46.00,45.00,46.00,2.845169,2845.169,2.282272,2282.272,0.041733,41.733,,,2.845169,2845.169
rijndael,492847928,4650192952369,4650685800297,159418108.000,159.418108,2.114,44.00,46.00,45.00,46.00,2.832840,2832.840,2.271210,2271.210,0.041687,41.687,,,2.832840,2832.840
rijndael,492858840,4650692730141,4651185588981,159412591.000,159.412591,2.129,44.00,45.00,45.00,45.00,2.828705,2828.705,2.266525,2266.525,0.041687,41.687,,,2.828705,2828.705
